-- phpMyAdmin SQL Dump
-- version phpStudy 2014
-- http://www.phpmyadmin.net
--
-- 主机: 127.0.0.1
-- 生成日期: 2019 年 10 月 16 日 14:42
-- 服务器版本: 5.5.53
-- PHP 版本: 5.4.45

SET SQL_MODE="NO_AUTO_VALUE_ON_ZERO";
SET time_zone = "+00:00";


/*!40101 SET @OLD_CHARACTER_SET_CLIENT=@@CHARACTER_SET_CLIENT */;
/*!40101 SET @OLD_CHARACTER_SET_RESULTS=@@CHARACTER_SET_RESULTS */;
/*!40101 SET @OLD_COLLATION_CONNECTION=@@COLLATION_CONNECTION */;
/*!40101 SET NAMES utf8 */;

--
-- 数据库: `hospital`
--

-- --------------------------------------------------------

--
-- 表的结构 `dzm_his_auth_group`
--

CREATE TABLE IF NOT EXISTS `dzm_his_auth_group` (
  `id` mediumint(8) unsigned NOT NULL AUTO_INCREMENT,
  `title` char(100) NOT NULL DEFAULT '' COMMENT '组别名称',
  `status` tinyint(1) NOT NULL DEFAULT '1' COMMENT '是否显示：1为显示，2不显示',
  `is_manage` tinyint(1) NOT NULL DEFAULT '1' COMMENT '1需要验证权限 2 不需要验证权限.',
  `rules` text NOT NULL COMMENT '用户组拥有的规则id， 多个规则',
  PRIMARY KEY (`id`)
) ENGINE=MyISAM  DEFAULT CHARSET=utf8mb4 COMMENT='用户组表' AUTO_INCREMENT=11 ;

--
-- 转存表中的数据 `dzm_his_auth_group`
--

INSERT INTO `dzm_his_auth_group` (`id`, `title`, `status`, `is_manage`, `rules`) VALUES
(1, '管理员', 1, 1, ',1,2,3,4,5,6,7,8,9,11,14,15,16,17,18,19,20,21,23,24,25,26,27,28,30,31,32,33,35,36,37,38,39,40,41,42,43,44,45,46,47,48,49,50,51,52,53,54,56,57,58,59,60,61,63,64,65,66,67,68,69,70,71,72,73,74,75,76,77,78,79,80,81,82,83,84,85,86,87,88,89,90,91,92,93,94,95,96,97,98,99,100,101,104,106,107,108,109,110,111,112,113,114,115,116,117,118,119,120,121,122,123,124,125,126,127,128,129,130,131,132,133,134,135,136,137,138,139,140,141,142,143,144,145,147,148,1213,1214,1215,1216,1217,1218,1219,1220,1223,1224,1225,1226,1227,1228,1229,1230,1231,1232'),
(2, '医生', 1, 1, ',1,2,3,4,5,6,7,8,9,11,14,15,16,17,18,19,20,21,22,23,24,25,26,27,28,30,31,32,33,35,36,37,38,39,40,41,42,43,44,45,46,47,48,49,50,51,52,53,54,56,57,58,59,60,61,63,64,65,66,67,68,69,70,71,72,73,74,75,76,77,78,79,80,81,82,83,84,85,86,87,88,89,90,91,92,93,94,95,96,97,98,99,100,101,104,106,107,108,109,110,111,112,113,114,115,116,117,118,119,120,121,122,123,124,125,126,127,128,129,130,131,132,133,134,135,136,137,138,139,140,141,142,143,144,145,147,148,149,1213,1214,1215,1216,1217,1218,1219,1220,1223,1224,1225,1226,1227,1228,1229,1230,1231,1232'),
(3, '护士', 1, 1, ',1,2,3,4,5,6,7,8,9,11,14,15,16,17,18,19,20,21,23,24,25,26,27,28,30,31,32,33,35,36,37,38,39,40,41,42,43,44,45,46,47,48,49,50,51,52,53,54,56,57,58,59,60,61,63,64,65,66,67,68,69,70,71,72,73,74,75,76,77,78,79,80,81,82,83,84,85,86,87,88,89,90,91,92,93,94,95,96,97,98,99,100,101,104,106,107,108,109,110,111,112,113,114,115,116,117,118,119,120,121,122,123,124,125,126,127,128,129,130,131,132,133,134,135,136,137,138,139,140,141,142,143,144,145,147,148,1213,1214,1215,1216,1217,1218,1219,1220,1223,1224,1225,1226'),
(4, '挂号员', 1, 1, ',1,2,3,4,5,8,9,31,35,36,37,38,39,40,41,42,43,44,45,46,47,48,52,53,63,64,70,71,72,73,74,75,76,116,117,118'),
(5, '收费员', 1, 1, ',1,2,3,4,5,6,7,8,9,11,14,15,16,17,18,19,20,21,23,24,25,26,27,28,30,31,32,35,36,37,38,39,40,41,42,43,44,45,46,47,48,49,50,51,52,53,54,56,57,58,59,60,61,63,64,65,66,67,68,69,70,71,72,73,74,75,76,77,78,79,80,81,82,83,84,85,86,87,88,89,90,91,92,93,94,95,97,99,101,104,106,107,108,109,110,111,112,113,114,115,116,117,118,119,120,121,122,123,124,125,126,127,128,129,130,131,132,133,134,135,136,137,138,139,140,141,142,143,144,145,147,148,1215,1216,1217,1218,1219,1220,1223,1224,1225,1226,1227,1228,1229,1230,1231,1232'),
(6, '发药员', 1, 1, ',1,2,3,4,5'),
(7, '财务', 1, 1, ',1,2,3,4,5'),
(8, '其他人员', 1, 1, ',4');

-- --------------------------------------------------------

--
-- 表的结构 `dzm_his_auth_rule`
--

CREATE TABLE IF NOT EXISTS `dzm_his_auth_rule` (
  `id` mediumint(8) unsigned NOT NULL AUTO_INCREMENT,
  `icon` varchar(100) DEFAULT '' COMMENT '图标',
  `menu_name` varchar(100) NOT NULL DEFAULT '' COMMENT '规则唯一标识Controller/action',
  `title` varchar(100) NOT NULL DEFAULT '' COMMENT '菜单名称',
  `pid` smallint(6) NOT NULL DEFAULT '0' COMMENT '菜单ID ',
  `is_menu` tinyint(1) DEFAULT '1' COMMENT '1:是主菜单 2 否',
  `is_race_menu` tinyint(1) NOT NULL DEFAULT '1' COMMENT '1:是 2:不是',
  `type` tinyint(1) NOT NULL DEFAULT '1',
  `status` tinyint(1) NOT NULL DEFAULT '1',
  `order_list` int(255) DEFAULT '0' COMMENT '排序字段',
  PRIMARY KEY (`id`)
) ENGINE=MyISAM  DEFAULT CHARSET=utf8mb4 COMMENT='用户权限表' AUTO_INCREMENT=1233 ;

--
-- 转存表中的数据 `dzm_his_auth_rule`
--

INSERT INTO `dzm_his_auth_rule` (`id`, `icon`, `menu_name`, `title`, `pid`, `is_menu`, `is_race_menu`, `type`, `status`, `order_list`) VALUES
(1, '', 'Index/base_index', '门诊就诊', 0, 1, 1, 1, 1, 1),
(2, 'fa fa-medkit', 'Doctor/index', '新开就诊', 1, 1, 1, 1, 1, 0),
(3, 'fa fa-list', 'Doctor/getVisitList', '就诊列表', 1, 1, 1, 1, 1, 0),
(4, '', 'Doctor/getMedicines', '获取药品', 2, 2, 1, 1, 1, 0),
(5, 'fa fa-calendar', 'Scheduling/Scheduling_list', '医生排班', 53, 1, 1, 1, 1, 0),
(6, 'fa fa-stethoscope', 'Registration/Registration_add', '门诊挂号', 53, 1, 1, 1, 1, 0),
(7, 'fa fa-list-alt', 'Registration/Registration_list', '挂号列表', 53, 1, 1, 1, 1, 0),
(8, 'fa fa-user', 'Patient/index', '患者库', 52, 1, 1, 1, 1, 3),
(9, '', '', '编辑医生排班', 5, 2, 1, 1, 1, 0),
(11, 'fa fa-jpy', 'Doctor/pkgList', '收费发药', 1, 1, 1, 1, 1, 0),
(12, 'fa fa-minus-square', 'Doctor/pkgRefund', '处方退费', 10, 2, 1, 1, 1, 0),
(13, '', 'Doctor/pkgRefundDo', '退费操作', 12, 2, 1, 1, 1, 0),
(14, '', 'Doctor/pkgPay', '收费操作', 11, 2, 1, 1, 1, 0),
(15, '', 'Doctor/pkgShow', '订单明细', 11, 2, 1, 1, 1, 0),
(16, '', '', '数据统计', 0, 1, 1, 1, 1, 7),
(17, 'fa fa-pie-chart', 'IncomeStat/index', '诊所收支', 16, 1, 1, 1, 1, 0),
(18, 'fa fa-suitcase', 'DrugSalesStatistics/index', '药品销售', 16, 1, 1, 1, 1, 0),
(19, 'fa fa-bar-chart', 'Inspectionfee/inspectionStatistics', '诊疗项目', 16, 1, 1, 1, 1, 0),
(20, 'fa fa-signal', 'ReportStatistics/monthlyReport', '年月报表', 16, 1, 1, 1, 1, 0),
(21, 'fa fa-calculator', 'WorkloadStatistics/index', '工作量统计', 16, 1, 1, 1, 1, 0),
(22, '', '', '系统设置', 0, 1, 1, 1, 0, 9),
(23, 'fa fa-building-o', 'Member/userList', '医疗人员', 52, 1, 1, 1, 1, 1),
(24, '', 'Member/resetPassword', '重置密码', 23, 2, 1, 1, 1, 0),
(25, 'fa fa-drivers-license', 'Department/index', '科室管理', 52, 1, 1, 1, 1, 3),
(26, 'fa fa-id-badge', 'Registeredfee/Registeredfee_list', '挂号费管理', 53, 1, 1, 1, 1, 0),
(27, 'fa fa-money', 'PrescriptionExtracharges/index', '处方附加费', 1, 1, 1, 1, 1, 0),
(28, 'fa fa-sheqel', 'Inspectionfee/index', '诊疗项目', 54, 1, 1, 1, 1, 0),
(30, '', 'AuthGroup/ruleGroup', '查看职务权限', 23, 2, 1, 1, 1, 0),
(31, '', 'Doctor/getExtracharges', '获取附加费用', 2, 2, 1, 1, 1, 0),
(32, '', '', '药品管理', 0, 1, 1, 1, 1, 4),
(33, 'fa fa-medkit', 'Medicines/index', '药品信息', 32, 1, 1, 1, 1, 0),
(34, 'fa fa-ambulance', 'Supplier/index', '供应商维护', 3299, 1, 1, 1, 1, 0),
(35, '', 'Doctor/getInspectionfee', '获取诊疗项目费用', 2, 2, 1, 1, 1, 0),
(36, '', 'Doctor/getRegistrations', '获取挂号列表', 2, 2, 1, 1, 1, 0),
(37, '', 'Doctor/searchPatientByMobile', '用手机号获取用户信息', 2, 2, 1, 1, 1, 0),
(38, '', 'Doctor/getUserInfo', '获取患者档案', 2, 2, 1, 1, 1, 0),
(39, '', 'Doctor/saveCareInfo', '保存患者历史病历', 2, 2, 1, 1, 1, 0),
(40, '', 'Doctor/getCareHistory', '获取患者历史病历', 2, 2, 1, 1, 1, 0),
(41, '', 'Doctor/getPatientList', '获取患者列表', 2, 2, 1, 1, 1, 0),
(42, '', 'Doctor/savePatient', '保存患者信息', 2, 2, 1, 1, 1, 0),
(43, '', 'Doctor/getPkgList', '获取看病记录', 2, 2, 1, 1, 1, 0),
(44, '', 'Doctor/saveOrder', '保存', 2, 2, 1, 1, 1, 0),
(45, '', 'Doctor/change_ol_pay_part', '更新在线支付额度', 2, 2, 1, 1, 1, 0),
(46, '', 'Doctor/payOrder', '支付订单', 2, 2, 1, 1, 1, 0),
(47, '', 'Doctor/getOnLinePay', '获取在线支付', 2, 2, 1, 1, 1, 0),
(48, '', 'Doctor/getOrder', '显示收费列表', 2, 2, 1, 1, 1, 0),
(49, 'fa fa-shopping-cart', 'Inventory/purchase', '采购入库', 32, 1, 1, 1, 1, 0),
(50, 'fa fa-check', 'BatchesOfInventory/get_list', '入库审核', 32, 1, 1, 1, 1, 0),
(51, 'fa fa-search', 'Inventory/inventory_list', '药品库存', 32, 1, 1, 1, 1, 0),
(52, '', '', '诊所信息', 0, 1, 1, 1, 1, 8),
(53, '', '', '挂号管理', 0, 1, 1, 1, 1, 0),
(54, '', '', '诊疗项目', 0, 1, 1, 1, 1, 3),
(55, '', '', '患者管理', 11111, 1, 1, 1, 1, 6),
(56, '', 'Member/RemoveUserList', '禁用医生列表管理', 23, 2, 1, 1, 1, 0),
(57, '', 'Member/removeUser', '移除医生', 23, 2, 1, 1, 1, 0),
(58, '', 'Member/startUser', '取消禁用', 23, 2, 1, 1, 1, 0),
(59, '', 'Member/addUser', '添加医生', 23, 2, 1, 1, 1, 0),
(60, '', 'Member/editUser', '编辑医生', 23, 2, 1, 1, 1, 0),
(61, '', 'Member/uploadDocPic', '编辑医生图片', 23, 2, 1, 1, 1, 0),
(63, '', 'Doctor/getCareOrder', '显示看诊列表', 2, 2, 1, 1, 1, 0),
(64, '', 'Doctor/getCareOrderSub', '显示看诊列表明细', 2, 2, 1, 1, 1, 0),
(65, 'fa fa-info-circle', 'Member/myHospitalInfo', '诊所信息', 52, 1, 1, 1, 1, 1),
(66, '', 'Doctor/pkgDone', '完成交易', 11, 2, 1, 1, 1, 0),
(67, '', 'Doctor/pkgRefundDo', '执行退款', 11, 2, 1, 1, 1, 0),
(68, '', 'Doctor/getRefundLog', '查看退款ajax', 11, 2, 1, 1, 1, 0),
(69, '', 'Doctor/pkgIO', '交易信息', 11, 2, 1, 1, 1, 0),
(70, '', 'Patient/editPatient', '编辑患者档案', 8, 2, 1, 1, 1, 0),
(71, '', 'Patient/removePatient', '移除患者', 8, 2, 1, 1, 1, 0),
(72, '', 'Patient/removedLists', '移除患者列表', 8, 2, 1, 1, 1, 0),
(73, '', 'Patient/recoveryPatient', '恢复患者', 8, 2, 1, 1, 1, 0),
(74, '', 'Patient/deletePatient', '删除患者', 8, 2, 1, 1, 1, 0),
(75, '', 'Patient/careHistory', '历史病例', 8, 2, 1, 1, 1, 0),
(76, '', 'Patient/exportExcel', '导出患者信息', 8, 2, 1, 1, 1, 0),
(77, '', 'ReportStatistics/exportMonthlyReport', '月度报表导出', 20, 2, 1, 1, 1, 0),
(78, '', 'ReportStatistics/monthlyReport', '月度报表', 20, 2, 1, 1, 1, 0),
(79, '', 'ReportStatistics/yearReport', '年度报表', 20, 2, 1, 1, 1, 0),
(80, '', 'ReportStatistics/exportYearReport', '年度报表导出', 20, 2, 1, 1, 1, 0),
(81, '', 'Department/addDepartment', '添加科室', 25, 2, 1, 1, 1, 0),
(82, '', 'Department/editDepartment', '编辑科室', 25, 2, 1, 1, 1, 0),
(83, '', 'Department/deleteDepartment', '删除科室', 25, 2, 1, 1, 1, 0),
(84, '', 'PrescriptionExtracharges/addExtraCharges', '添加处方附加费', 27, 2, 1, 1, 1, 0),
(85, '', 'PrescriptionExtracharges/editExtraCharges', '修改处方附加费', 27, 2, 1, 1, 1, 0),
(86, '', 'PrescriptionExtracharges/deleteExtraCharges', '删除处方附加费', 27, 2, 1, 1, 1, 0),
(87, '', 'Inspectionfee/addInspection', '添加检查项目费', 28, 2, 1, 1, 1, 0),
(88, '', 'Inspectionfee/editInspection', '编辑检查项目费', 28, 2, 1, 1, 1, 0),
(89, '', 'Inspectionfee/deleteInspection', '删除检查项目费', 28, 2, 1, 1, 1, 0),
(90, '', 'Dictionary/dictionaryLists', '字典列表', 1226, 2, 1, 1, 1, 0),
(91, '', 'Dictionary/getSubDictionary', '字典子列表', 1226, 2, 1, 1, 1, 0),
(92, '', 'Dictionary/addDictionary', '添加字典', 1226, 2, 1, 1, 1, 0),
(93, '', 'Dictionary/editDictionary', '编辑字典', 1226, 2, 1, 1, 1, 0),
(94, '', 'Dictionary/deleteDictionary', '删除字典', 1226, 2, 1, 1, 1, 0),
(95, '', 'Registeredfee/Registeredfee_edit', '挂号费用编辑', 26, 2, 1, 1, 1, 0),
(96, '', 'Medicines/medicinesLists', '全部药品列表', 33, 2, 1, 1, 1, 0),
(97, '', 'Registeredfee/Registeredfee_add', '挂号费用添加', 26, 2, 1, 1, 1, 0),
(98, '', 'Medicines/addMedicines', '添加药品', 33, 2, 1, 1, 1, 0),
(99, '', 'Registeredfee/getRegisteredfeeInfoByReg_id', '挂号费用弹框赋值', 26, 2, 1, 1, 1, 0),
(100, '', 'Medicines/deleteMedicines', '删除药品', 33, 2, 1, 1, 1, 0),
(101, '', 'Registeredfee/Registeredfee_delete', '挂号费用删除', 26, 2, 1, 1, 1, 0),
(102, '', 'Supplier/addSupplier', '添加供应商', 34, 2, 1, 1, 1, 0),
(103, '', 'Supplier/editSupplier', '编辑供应商', 34, 2, 1, 1, 1, 0),
(104, '', 'Registeredfee/getRegisteredFeeList', '获取挂号费用列表', 26, 2, 1, 1, 1, 0),
(105, '', 'Supplier/deleteSupplier', '删除供应商', 34, 2, 1, 1, 1, 0),
(106, '', 'Registration/getSchedulingList', '门诊挂号获取医生排班信息', 6, 2, 1, 1, 1, 0),
(107, '', 'Registration/change_ol_pay_part', '门诊挂号更新在线支付额度', 6, 2, 1, 1, 1, 0),
(108, '', 'Registration/getOnLinePay', '门诊挂号获取在线支付状态', 6, 2, 1, 1, 1, 0),
(109, '', 'Registration/payOrder', '门诊挂号保存订单', 6, 2, 1, 1, 1, 0),
(110, '', 'Registration/ForAge', '门诊挂号获取年龄', 6, 2, 1, 1, 1, 0),
(111, '', 'Registration/getPatientPool', '门诊挂号获取患者列表', 6, 2, 1, 1, 1, 0),
(112, '', 'Registration/getPatientInfo', '门诊挂号选中患者', 6, 2, 1, 1, 1, 0),
(113, '', 'Registration/getPaylogInfo', '诊所列表获取paylog信息', 7, 2, 1, 1, 1, 0),
(114, '', 'Registration/Registration_quit', '诊所列表更改挂号状态', 7, 2, 1, 1, 1, 0),
(115, '', 'Registration/Registration_cancel', '诊所列表作废', 7, 2, 1, 1, 1, 0),
(116, '', 'Scheduling/Scheduling_edit', '排班弹框', 5, 2, 1, 1, 1, 0),
(117, '', 'Scheduling/Scheduling_change', '更改排班状态', 5, 2, 1, 1, 1, 0),
(118, '', 'Scheduling/export', '排班导出', 5, 2, 1, 1, 1, 0),
(119, '', 'Inventory/getMedicinesList', '采购入库获取药品信息', 49, 2, 1, 1, 1, 0),
(120, '', 'Inventory/submitMedicines', '采购入库添加药品', 49, 2, 1, 1, 1, 0),
(121, '', 'Inventory/submit_purchasing_information', '采购入库添加', 49, 2, 1, 1, 1, 0),
(122, '', 'Inventory/adjust_price', '库存查询 调价', 51, 2, 1, 1, 1, 0),
(123, '', 'Inventory/getInventoryListInfo', '库存查询 获取药品库存列表', 51, 2, 1, 1, 1, 0),
(124, '', 'Inventory/getBatchesOfInventoryListStatusEqTwo', '库存查询 批次库存及价格', 51, 2, 1, 1, 1, 0),
(125, '', 'BatchesOfInventory/delete_batches_of_inventory', '入库审核 删除', 50, 2, 1, 1, 1, 0),
(126, '', 'BatchesOfInventory/getBatchesOfInventoryList', '入库审核 获取审核列表', 50, 2, 1, 1, 1, 0),
(127, '', 'BatchesOfInventory/purchase_list', '入库审核 采购信息列表', 50, 2, 1, 1, 1, 0),
(128, '', 'BatchesOfInventory/delete_purchase', '入库审核 删除采购信息', 50, 2, 1, 1, 1, 0),
(129, '', 'BatchesOfInventory/get_purchase_list', '入库审核 获取采购信息列表', 50, 2, 1, 1, 1, 0),
(130, '', 'BatchesOfInventory/audit', '入库审核 审核', 50, 2, 1, 1, 1, 0),
(131, '', 'DrugSalesStatistics/detailList', '药品销售统计 获取明细列表', 18, 2, 1, 1, 1, 0),
(132, '', 'IncomeStat/getIncomeInfo', '诊所收支统计 获取统计信息', 17, 2, 1, 1, 1, 0),
(133, '', 'IncomeStat/getIncomeList', '诊所收支统计 获取列表信息', 17, 2, 1, 1, 1, 0),
(134, '', 'IncomeStat/export', '诊所收支统计 导出', 17, 2, 1, 1, 1, 0),
(135, '', 'WorkloadStatistics/getClinicFee', '工作量统计 门诊费用统计', 21, 2, 1, 1, 1, 0),
(136, '', 'WorkloadStatistics/getDrugPurchase', '工作量统计 获取挂号费统计', 21, 2, 1, 1, 1, 0),
(137, '', 'WorkloadStatistics/getCareOrderStatistics', '工作量统计 门诊处方统计', 21, 2, 1, 1, 1, 0),
(138, '', 'WorkloadStatistics/getCollectionStatistics', '工作量统计 收费员统计', 21, 2, 1, 1, 1, 0),
(139, '', 'WorkloadStatistics/ClinicFee_export', '工作量统计 门诊费用导出', 21, 2, 1, 1, 1, 0),
(140, '', 'WorkloadStatistics/DrugPurchase_export', '工作量统计 挂号费用导出', 21, 2, 1, 1, 1, 0),
(141, '', 'Registration/registrationRefund', '挂号列表 退号退款', 7, 2, 1, 1, 1, 0),
(142, '', 'Registration/pkgRefundDo', '挂号列表 去退款', 7, 2, 1, 1, 1, 0),
(143, '', 'Registration/registrationGoToPay', '挂号列表 去支付', 7, 2, 1, 1, 1, 0),
(144, '', 'Registration/getRegistrationPayInfo', '挂号列表 获取详细信息', 7, 2, 1, 1, 1, 0),
(145, '', 'Registeredfee/getRepetition', '挂号费用查询重复', 26, 2, 1, 1, 1, 0),
(147, '', 'Doctor/printOrder', '打印处方', 11, 2, 1, 1, 1, 0),
(148, '', 'Inventory/set_early_warning', '库存查询  设置预警', 51, 2, 1, 1, 1, 0),
(149, 'fa fa-cog', 'HisWxmp/index', '第三方配置', 22, 1, 1, 1, 0, 0),
(1213, '', 'Medicines/editMedicines', '修改药品信息', 33, 2, 1, 1, 1, 0),
(1214, '', 'Medicines/addMedicinesOne', '添加单个药品', 33, 2, 1, 1, 1, 0),
(1215, '', 'AuthGroup/editRuleGroup', '修改人员权限', 23, 2, 1, 1, 1, 0),
(1216, '', 'AuthGroup/addAuth', '新增职位信息', 23, 2, 1, 1, 1, 0),
(1217, '', 'AuthGroup/deleteAuth', '删除职位', 23, 2, 1, 1, 1, 0),
(1218, '', 'AuthGroup/editAuth', '修改职位名称', 23, 2, 1, 1, 1, 0),
(1219, '', 'Doctor/getRefundLog', '挂号列表退号', 7, 2, 1, 1, 1, 0),
(1220, '', 'Doctor/getPkgList', '查看收费记录', 11, 2, 1, 1, 1, 0),
(1224, '', 'Registeredfee/Registeredfee_sub_delete', '挂号费用 移除子费用', 26, 2, 1, 1, 1, 0),
(1223, '', 'BatchesOfInventory/get_list', '采购 入库审核', 49, 1, 1, 1, 1, 0),
(1225, '', 'Doctor/printPay', '收费打印', 11, 2, 1, 1, 1, 0),
(1226, 'fa fa-book', 'Dictionary/index/type/1', '项目类型', 54, 1, 1, 1, 1, 0),
(1227, 'fa fa-book', 'Dictionary/index', '药品类型', 32, 1, 1, 1, 1, 0),
(1228, '', 'Dictionary/dictionaryLists', '字典列表', 1227, 2, 1, 1, 1, 0),
(1229, '', 'Dictionary/getSubDictionary', '字典子列表', 1227, 2, 1, 1, 1, 0),
(1230, '', 'Dictionary/addDictionary', '添加字典', 1227, 2, 1, 1, 1, 0),
(1231, '', 'Dictionary/editDictionary', '编辑字典', 1227, 2, 1, 1, 1, 0),
(1232, '', 'Dictionary/deleteDictionary', '删除字典', 1227, 2, 1, 1, 1, 0);

-- --------------------------------------------------------

--
-- 表的结构 `dzm_his_batches_of_inventory`
--

CREATE TABLE IF NOT EXISTS `dzm_his_batches_of_inventory` (
  `batches_of_inventory_id` int(10) unsigned NOT NULL AUTO_INCREMENT COMMENT '批次库存ID',
  `company_id` int(10) NOT NULL COMMENT '诊所ID',
  `supplier_id` int(10) NOT NULL COMMENT '供应商ID',
  `batches_of_inventory_number` bigint(20) NOT NULL COMMENT '采购单编号',
  `purchasing_agent_id` int(10) NOT NULL COMMENT '采购员ID',
  `batches_of_inventory_total_money` decimal(10,2) NOT NULL COMMENT '采购总金额',
  `batches_of_inventory_date` varchar(20) NOT NULL COMMENT '制单日期',
  `batches_of_inventory_status` int(3) NOT NULL DEFAULT '1' COMMENT '审核标记；未审核：1，已审核：2',
  `batches_of_inventory_verifier` int(10) DEFAULT NULL COMMENT '审核人员ID',
  `batches_of_inventory_verifier_date` varchar(20) DEFAULT NULL COMMENT '审核日期',
  `create_time` int(11) NOT NULL COMMENT '创建时间',
  `update_time` int(11) DEFAULT NULL COMMENT '更新时间',
  PRIMARY KEY (`batches_of_inventory_id`),
  KEY `company_id` (`company_id`) USING BTREE,
  KEY `supplier_id` (`supplier_id`) USING BTREE,
  KEY `purchasing_agent_id` (`purchasing_agent_id`) USING BTREE,
  KEY `batches_of_inventory_verifier` (`batches_of_inventory_verifier`) USING BTREE
) ENGINE=InnoDB  DEFAULT CHARSET=utf8 COMMENT='批次库存表' AUTO_INCREMENT=31 ;

--
-- 转存表中的数据 `dzm_his_batches_of_inventory`
--

INSERT INTO `dzm_his_batches_of_inventory` (`batches_of_inventory_id`, `company_id`, `supplier_id`, `batches_of_inventory_number`, `purchasing_agent_id`, `batches_of_inventory_total_money`, `batches_of_inventory_date`, `batches_of_inventory_status`, `batches_of_inventory_verifier`, `batches_of_inventory_verifier_date`, `create_time`, `update_time`) VALUES
(8, 1, 2, 201907270000100001, 1, '600.00', '2019-07-15', 2, 1, '1564203654', 1564203654, 1564203654),
(9, 1, 3, 201907270000100009, 1, '400.00', '2019-07-09', 2, 1, '1564207465', 1564207465, 1564207465),
(10, 1, 2, 201907270000100010, 1, '1000.00', '2019-07-22', 2, 1, '1564207573', 1564207573, 1564207573),
(11, 1, 2, 201907270000100011, 1, '11.00', '2019-07-27', 2, 1, '1564208524', 1564208524, 1564208524),
(12, 1, 2, 201907270000100012, 1, '24.00', '2019-07-27', 2, 1, '1564208568', 1564208568, 1564208568),
(13, 1, 2, 201907270000100013, 7, '1300.00', '2019-07-27', 2, 7, '1564211969', 1564211969, 1564211969),
(14, 1, 2, 201907270000100014, 7, '50.00', '2019-07-27', 2, 7, '1564212529', 1564212529, 1564212529),
(15, 1, 2, 201907270000100015, 1, '100.00', '2019-07-27', 2, 1, '1564214722', 1564214722, 1564214722),
(16, 1, 3, 201907270000100016, 1, '250.00', '2019-07-23', 2, 1, '1564214771', 1564214771, 1564214771),
(17, 1, 2, 201907290000100017, 1, '20.00', '2019-07-29', 2, 1, '1564366191', 1564366191, 1564366191),
(18, 1, 2, 201907290000100018, 1, '300.00', '2019-07-29', 2, 1, '1564367511', 1564367511, 1564367511),
(19, 1, 3, 201907290000100019, 9, '40.00', '2019-07-29', 2, 9, '1564369283', 1564369283, 1564369283),
(20, 1, 2, 201907290000100020, 9, '8500.00', '2019-07-29', 2, 9, '1564369384', 1564369384, 1564369384),
(21, 1, 2, 201907290000100021, 8, '65.00', '2019-07-22', 2, 8, '1564371912', 1564371912, 1564371912),
(23, 1, 3, 201907290000100022, 8, '30.00', '2019-07-29', 2, 8, '1564382613', 1564382613, 1564382613),
(26, 1, 2, 201907290000100026, 1, '0.00', '2019-07-29', 2, 1, '1564390968', 1564390968, 1564390968),
(28, 1, 2, 201907300000100028, 1, '403.00', '2019-07-30', 2, 1, '1564468388', 1564468388, 1564468388),
(29, 1, 2, 201907310000100029, 1, '2380.00', '2019-07-31', 1, NULL, NULL, 1564538585, NULL),
(30, 1, 0, 201908160000100030, 1, '120.00', '2019-08-16', 2, 1, '1565951097', 1565951097, 1565951097);

-- --------------------------------------------------------

--
-- 表的结构 `dzm_his_care_history`
--

CREATE TABLE IF NOT EXISTS `dzm_his_care_history` (
  `id` int(10) unsigned NOT NULL AUTO_INCREMENT,
  `hospital_id` int(10) unsigned DEFAULT '0' COMMENT '医院id',
  `doctor_id` int(10) unsigned DEFAULT '0' COMMENT '医生id',
  `patient_id` int(10) unsigned DEFAULT '0' COMMENT '患者id',
  `department_id` int(10) unsigned DEFAULT '0' COMMENT '科室id',
  `type_id` tinyint(1) unsigned DEFAULT '0' COMMENT '接诊类型：0初诊，1复诊，2急诊',
  `is_contagious` tinyint(1) unsigned DEFAULT '0' COMMENT '是否传染，0否，1是',
  `case_date` date DEFAULT NULL COMMENT '发病日期',
  `addtime` int(10) unsigned DEFAULT '0' COMMENT '插入时间，php时间戳',
  `case_code` varchar(32) DEFAULT NULL COMMENT '诊断编号',
  `case_title` varchar(255) DEFAULT NULL COMMENT '主诉',
  `case_result` text COMMENT '诊断信息',
  `doctor_tips` text COMMENT '医生建议',
  `memo` text COMMENT '备注',
  PRIMARY KEY (`id`),
  KEY `hospital_id` (`hospital_id`) USING BTREE,
  KEY `doctor_id` (`doctor_id`) USING BTREE,
  KEY `patient_id` (`patient_id`) USING BTREE,
  KEY `type_id` (`type_id`) USING BTREE,
  KEY `is_contagious` (`is_contagious`) USING BTREE,
  KEY `case_date` (`case_date`) USING BTREE,
  KEY `case_code` (`case_code`) USING BTREE,
  KEY `addtime` (`addtime`) USING BTREE
) ENGINE=InnoDB  DEFAULT CHARSET=utf8 COMMENT='历史病历' AUTO_INCREMENT=133 ;

--
-- 转存表中的数据 `dzm_his_care_history`
--

INSERT INTO `dzm_his_care_history` (`id`, `hospital_id`, `doctor_id`, `patient_id`, `department_id`, `type_id`, `is_contagious`, `case_date`, `addtime`, `case_code`, `case_title`, `case_result`, `doctor_tips`, `memo`) VALUES
(41, 1, 1, 5, 0, 0, 0, '2019-07-27', 1564203673, '201907271301130010010064', '', '', '', ''),
(42, 1, 1, 5, 0, 0, 0, '2019-07-27', 1564208809, '201907271426490010010085', '', '', '', ''),
(43, 1, 1, 5, 0, 0, 0, '2019-07-27', 1564208888, '201907271428080010010012', '', '', '', ''),
(44, 1, 7, 5, 1, 0, 0, '2019-07-27', 1564212184, '201907271523040010070011', '口腔疼痛，咽痛', '口腔溃疡', '多喝热水，少吃辛辣', '多锻炼'),
(45, 1, 7, 6, 1, 0, 0, '2019-07-27', 1564212678, '201907271531180010070023', '', '', '', ''),
(46, 1, 1, 6, 0, 0, 0, '2019-07-27', 1564213945, '201907271552250010010025', '', '', '', ''),
(47, 1, 1, 5, 0, 0, 0, '2019-07-27', 1564214816, '201907271606560010010023', '', '', '', ''),
(48, 1, 1, 5, 0, 0, 0, '2019-07-27', 1564215148, '201907271612280010010036', '', '', '', ''),
(49, 1, 1, 6, 0, 0, 0, '2019-07-27', 1564215188, '201907271613080010010070', '', '', '', ''),
(50, 1, 1, 6, 0, 0, 0, '2019-07-29', 1564363653, '201907290927330010010011', '', '', '', ''),
(51, 1, 1, 5, 0, 0, 0, '2019-07-29', 1564365929, '201907291005290010010023', '', '', '', ''),
(52, 1, 1, 8, 0, 0, 0, '2019-07-29', 1564367705, '201907291035050010010018', '', '', '', ''),
(53, 1, 1, 7, 0, 0, 0, '2019-07-29', 1564367737, '201907291035370010010064', '', '', '', ''),
(54, 1, 1, 6, 0, 0, 0, '2019-07-29', 1564367792, '201907291036320010010066', '', '', '', ''),
(55, 1, 1, 7, 0, 0, 0, '2019-07-29', 1564367831, '201907291037110010010061', '', '', '', ''),
(56, 1, 9, 7, 4, 0, 0, '2019-07-29', 1564369313, '201907291101530010090045', '', '', '', ''),
(57, 1, 8, 8, 3, 2, 1, '2019-07-29', 1564371416, '201907291136560010080061', '胸口突发剧痛', '无事', '吃止痛药即可，若无效回来详细检查', '胸痛优先'),
(58, 1, 8, 7, 3, 0, 0, '2019-07-29', 1564381002, '201907291416420010080096', '', '', '', ''),
(59, 1, 8, 6, 3, 0, 0, '2019-07-29', 1564381073, '201907291417530010080086', '', '', '', ''),
(60, 1, 8, 7, 3, 0, 0, '2019-07-29', 1564381195, '201907291419550010080094', '', '', '', ''),
(61, 1, 8, 5, 3, 0, 0, '2019-07-29', 1564381495, '201907291424550010080087', '', '', '', ''),
(62, 1, 1, 9, 0, 1, 0, '2019-07-29', 1564383813, '201907291503330010010095', 'ss', 'er', 'er', 're'),
(63, 1, 1, 6, 0, 0, 0, '2019-07-29', 1564384074, '201907291507540010010037', '', '', '', ''),
(64, 1, 8, 9, 3, 0, 0, '2019-07-29', 1564385302, '201907291528220010080034', '', '', '', ''),
(65, 1, 8, 7, 3, 0, 0, '2019-07-29', 1564385583, '201907291533030010080061', '', '', '', ''),
(66, 1, 8, 8, 3, 0, 0, '2019-07-29', 1564386636, '201907291550360010080075', '', '', '', ''),
(67, 1, 8, 9, 3, 0, 0, '2019-07-29', 1564386972, '201907291556120010080047', '', '', '', ''),
(68, 1, 8, 6, 3, 0, 0, '2019-07-29', 1564387597, '201907291606370010080067', '', '', '', ''),
(69, 1, 8, 9, 3, 0, 0, '2019-07-29', 1564389772, '201907291642520010080085', '', '', '', ''),
(70, 1, 8, 7, 3, 0, 0, '2019-07-29', 1564391169, '201907291706090010080095', '', '', '', ''),
(71, 1, 1, 7, 0, 0, 0, '2019-07-29', 1564391403, '201907291710030010010097', '', '', '', ''),
(72, 1, 8, 8, 3, 2, 0, '2019-07-30', 1564452670, '201907301011100010080064', '', '', '', ''),
(73, 1, 8, 6, 3, 0, 0, '2019-07-30', 1564452730, '201907301012100010080053', '', '', '', ''),
(74, 1, 8, 5, 3, 0, 0, '2019-07-30', 1564452962, '201907301016020010080045', '', '', '', ''),
(75, 1, 8, 8, 3, 0, 0, '2019-07-30', 1564453378, '201907301022580010080074', '', '', '', ''),
(76, 1, 8, 6, 3, 0, 0, '2019-07-30', 1564453951, '201907301032310010080017', '', '', '', ''),
(77, 1, 9, 6, 4, 0, 0, '2019-07-30', 1564454136, '201907301035360010090025', '', '', '', ''),
(78, 1, 9, 5, 4, 0, 0, '2019-07-30', 1564454181, '201907301036210010090084', '', '', '', ''),
(79, 1, 9, 7, 4, 0, 0, '2019-07-30', 1564454224, '201907301037040010090049', '', '', '', ''),
(80, 1, 1, 5, 0, 0, 0, '2019-07-30', 1564455432, '', '', '', '', ''),
(81, 1, 1, 9, 0, 0, 0, '2019-08-07', 1565161309, '201908071501490010010080', '', '', '', ''),
(82, 1, 1, 9, 0, 0, 0, '2019-08-07', 1565165560, '201908071612400010010021', '', '', '', ''),
(83, 1, 1, 11, 0, 0, 0, '2019-08-08', 1565249338, '201908081528580010010043', '感冒', '体温升高，流鼻涕', '多喝热水', ''),
(84, 1, 1, 7, 0, 0, 0, '2019-08-08', 1565250091, '201908081541310010010083', '', '', '', ''),
(85, 1, 1, 8, 0, 0, 0, '2019-08-08', 1565251903, '201908081611430010010053', '', '', '', ''),
(86, 1, 1, 11, 0, 0, 0, '2019-08-09', 1565334238, '201908091503580010010081', '', '', '', ''),
(87, 1, 1, 9, 0, 0, 0, '2019-08-10', 1565430229, '201908101743490010010062', '', '', '', ''),
(88, 1, 1, 10, 0, 0, 0, '2019-08-10', 1565430852, '201908101754120010010011', '', '', '', ''),
(89, 1, 1, 11, 0, 0, 0, '2019-08-10', 1565431397, '201908101803170010010045', '', '', '', ''),
(90, 1, 13, 11, 6, 0, 0, '2019-08-10', 1565433966, '2019081018460600100130090', '', '', '', ''),
(91, 1, 1, 9, 0, 0, 0, '2019-08-11', 1565513567, '201908111652470010010087', '', '', '', ''),
(92, 1, 12, 8, 6, 0, 0, '2019-08-13', 1565710995, '2019081323431500100120053', '', '', '', ''),
(93, 1, 1, 11, 0, 0, 0, '2019-08-14', 1565747233, '201908140947130010010036', '', '', '', ''),
(94, 1, 1, 11, 0, 0, 0, '2019-08-14', 1565747522, '201908140952020010010025', '', '', '', ''),
(95, 1, 1, 11, 0, 0, 0, '2019-08-14', 1565747940, '201908140959000010010040', '', '', '', ''),
(96, 1, 1, 10, 0, 0, 0, '2019-08-14', 1565748021, '201908141000210010010081', '', '', '', ''),
(97, 1, 1, 11, 0, 0, 0, '2019-08-14', 1565748646, '201908141010460010010081', '', '', '', ''),
(98, 1, 1, 12, 0, 0, 0, '2019-08-14', 1565749222, '201908141020220010010028', '', '', '', ''),
(99, 1, 1, 11, 0, 0, 0, '2019-08-14', 1379691547, '201309202339070010010071', '', '', '', ''),
(100, 1, 1, 13, 0, 0, 0, '2019-08-16', 1565921152, '201908161005520010010028', '', '', '', ''),
(101, 1, 11, 13, 14, 0, 0, '2019-08-16', 1565956518, '2019081619551800100110036', '', '', '', ''),
(102, 1, 1, 13, 0, 0, 0, '2019-08-16', 1565957015, '201908162003350010010092', '', '', '', ''),
(103, 1, 1, 16, 0, 0, 0, '2019-08-16', 1565959229, '201908162040290010010065', '', '', '', ''),
(104, 1, 1, 17, 0, 0, 0, '2019-08-20', 1566264082, '201908200921220010010081', '', '', '', ''),
(105, 1, 1, 17, 0, 0, 0, '2019-08-20', 1566264085, '201908200921250010010067', '', '', '', ''),
(106, 1, 1, 12, 0, 0, 0, '2019-08-20', 1566264158, '201908200922380010010059', '', '', '', ''),
(107, 1, 1, 18, 0, 0, 0, '2019-08-20', 1566264325, '201908200925250010010062', '', '', '', ''),
(108, 1, 1, 19, 0, 0, 0, '2019-08-20', 1566264585, '201908200929450010010045', '', '', '', ''),
(109, 1, 1, 20, 0, 0, 0, '2019-08-20', 1566270270, '201908201104300010010036', '', '', '', ''),
(110, 1, 1, 21, 0, 0, 0, '2019-08-20', 1566272466, '201908201141060010010094', '', '', '', ''),
(111, 1, 1, 22, 0, 0, 0, '2019-08-21', 1566348360, '201908210846000010010044', '', '', '', ''),
(112, 1, 1, 23, 0, 0, 0, '2019-08-21', 1566348461, '201908210847410010010042', '', '', '', ''),
(113, 1, 21, 24, 16, 0, 0, '2019-08-21', 1566348844, '2019082108540400100210074', '', '', '', ''),
(114, 1, 1, 25, 0, 0, 0, '2019-08-21', 1566349102, '201908210858220010010079', '', '', '', ''),
(115, 1, 1, 25, 0, 0, 0, '2019-08-21', 1566349118, '201908210858380010010043', '', '', '', ''),
(116, 1, 16, 26, 10, 0, 0, '2019-08-21', 1566352404, '2019082109532400100160060', '', '', '', ''),
(117, 1, 21, 27, 16, 0, 0, '2019-08-21', 1566352807, '2019082110000700100210024', '', '', '', ''),
(118, 1, 21, 28, 16, 0, 0, '2019-08-22', 1566441570, '2019082210393000100210074', '', '', '', ''),
(119, 1, 21, 29, 16, 0, 0, '2019-08-22', 1566441635, '2019082210403500100210069', '', '', '', ''),
(120, 1, 21, 30, 16, 0, 0, '2019-08-22', 1566441742, '2019082210422200100210015', '', '', '', ''),
(121, 1, 1, 31, 0, 0, 0, '2019-08-24', 1566604179, '201908240749390010010063', '', '', '', ''),
(122, 1, 1, 32, 0, 0, 0, '2019-08-24', 1566604525, '201908240755250010010037', '', '', '', ''),
(123, 1, 1, 33, 0, 0, 0, '2019-08-24', 1566604736, '201908240758560010010086', '', '', '', ''),
(124, 1, 1, 34, 0, 0, 0, '2019-08-31', 1567216471, '201908310954310010010072', '', '', '', ''),
(125, 1, 1, 35, 0, 0, 0, '2019-08-31', 1567216575, '201908310956150010010024', '', '', '', ''),
(126, 1, 1, 36, 0, 0, 0, '2019-08-31', 1567216650, '201908310957300010010030', '', '', '', ''),
(127, 1, 1, 37, 0, 0, 0, '2019-08-31', 1567216840, '201908311000400010010071', '', '', '', ''),
(128, 1, 1, 38, 0, 0, 0, '2019-08-31', 1567216928, '201908311002080010010094', '', '', '', ''),
(129, 1, 1, 39, 0, 0, 0, '2019-09-03', 1567478707, '201909031045070010010030', '', '', '', ''),
(130, 1, 1, 40, 0, 0, 0, '2019-09-03', 1567478788, '201909031046280010010013', '', '', '', ''),
(131, 1, 1, 41, 0, 0, 0, '2019-09-04', 1567560173, '201909040922530010010068', '', '', '', ''),
(132, 1, 1, 42, 0, 0, 0, '2019-09-04', 1567565674, '201909041054340010010078', '', '', '', '');

-- --------------------------------------------------------

--
-- 表的结构 `dzm_his_care_order`
--

CREATE TABLE IF NOT EXISTS `dzm_his_care_order` (
  `id` int(10) unsigned NOT NULL AUTO_INCREMENT,
  `hospital_id` int(10) unsigned DEFAULT '0' COMMENT '医院id',
  `doctor_id` int(10) unsigned DEFAULT '0' COMMENT '医生id',
  `patient_id` int(10) unsigned DEFAULT '0' COMMENT '患者id',
  `care_history_id` int(10) unsigned DEFAULT '0' COMMENT '关联病历id',
  `pkg_id` int(10) unsigned DEFAULT '0' COMMENT '收费总表care_pkg.id',
  `status` tinyint(1) unsigned DEFAULT '0' COMMENT '状态，0未支付，1已支付，2确认收款，3申请退款，4已退款',
  `label` varchar(128) DEFAULT NULL COMMENT '处方名',
  `num_a` smallint(5) unsigned DEFAULT '1' COMMENT '每set_num_a天,set_num_b剂，服用set_num_c天，共set_num_d剂',
  `num_b` smallint(5) unsigned DEFAULT '1' COMMENT '每set_num_a天,set_num_b剂，服用set_num_c天，共set_num_d剂',
  `num_c` smallint(5) DEFAULT '1' COMMENT '每set_num_a天,set_num_b剂，服用set_num_c天，共set_num_d剂',
  `num_d` smallint(5) DEFAULT '1' COMMENT '每num_a天,num_b剂，服用num_c天，共num_d剂',
  `amount` decimal(10,2) DEFAULT '0.00' COMMENT '单处方金额',
  `all_amount` decimal(10,2) DEFAULT '0.00' COMMENT '处方全额',
  `addtime` int(10) unsigned DEFAULT '0' COMMENT '插入时间，php时间戳',
  `case_code` varchar(32) DEFAULT NULL COMMENT '诊断编号',
  `use_tips` text COMMENT '服药要求',
  `memo` text COMMENT '备注',
  PRIMARY KEY (`id`),
  KEY `hospital_id` (`hospital_id`) USING BTREE,
  KEY `doctor_id` (`doctor_id`) USING BTREE,
  KEY `patient_id` (`patient_id`) USING BTREE,
  KEY `addtime` (`addtime`) USING BTREE,
  KEY `case_code` (`case_code`) USING BTREE,
  KEY `dzm_his_care_order_care_history_id_index` (`care_history_id`) USING BTREE,
  KEY `status` (`status`) USING BTREE,
  KEY `pkg_id` (`pkg_id`) USING BTREE
) ENGINE=InnoDB  DEFAULT CHARSET=utf8 COMMENT='处方列表' AUTO_INCREMENT=182 ;

--
-- 转存表中的数据 `dzm_his_care_order`
--

INSERT INTO `dzm_his_care_order` (`id`, `hospital_id`, `doctor_id`, `patient_id`, `care_history_id`, `pkg_id`, `status`, `label`, `num_a`, `num_b`, `num_c`, `num_d`, `amount`, `all_amount`, `addtime`, `case_code`, `use_tips`, `memo`) VALUES
(66, 1, 1, 5, 41, 80, 1, '处方1', 1, 1, 1, 1, '0.00', '45.00', 1564203673, '201907271301130110110143', '', ''),
(67, 1, 1, 5, 42, 81, 1, '处方1', 1, 1, 1, 1, '0.00', '14.00', 1564208809, '201907271426490110110153', '', ''),
(68, 1, 1, 5, 42, 81, 1, '处方2', 1, 1, 1, 1, '0.00', '3.47', 1564208809, '201907271426490110110199', '', ''),
(69, 1, 1, 5, 43, 82, 1, '处方1', 1, 1, 1, 1, '0.00', '17.47', 1564208889, '201907271428090110110131', '', ''),
(70, 1, 7, 5, 44, 87, 1, '处方1', 1, 3, 7, 21, '0.00', '403.20', 1564212184, '201907271523040110170160', '三天无明显好转复诊', ''),
(71, 1, 7, 6, 45, 88, 1, '处方1', 1, 3, 10, 30, '0.00', '240.00', 1564212678, '201907271531180110170199', '', ''),
(72, 1, 1, 6, 46, 89, 1, '处方1', 1, 1, 1, 1, '83.72', '83.72', 1564213946, '201907271552260110110120', '', ''),
(73, 1, 1, 5, 47, 92, 1, '处方1', 1, 1, 1, 1, '0.00', '24.00', 1564214816, '201907271606560110110173', '', ''),
(74, 1, 1, 5, 48, 93, 1, '处方1', 1, 1, 1, 1, '311.82', '311.82', 1564215149, '201907271612290110110172', '', ''),
(75, 1, 1, 6, 49, 94, 1, '处方1', 1, 1, 1, 1, '108.80', '108.80', 1564215188, '201907271613080110110135', '', ''),
(76, 1, 1, 6, 50, 96, 1, '处方1', 1, 1, 1, 1, '3.00', '6.47', 1564363653, '201907290927330110110146', '', ''),
(77, 1, 1, 6, 50, 96, 1, '处方2', 1, 1, 1, 1, '129.72', '129.72', 1564363653, '201907290927330110110191', '', ''),
(78, 1, 1, 5, 51, 97, 1, '处方1', 1, 1, 1, 1, '0.00', '34.70', 1564365929, '201907291005290110110156', '', ''),
(79, 1, 1, 8, 52, 100, 4, '处方1', 1, 1, 1, 1, '109.82', '109.82', 1564367705, '201907291035050110110162', '', ''),
(80, 1, 1, 7, 53, 101, 1, '处方1', 1, 1, 1, 1, '56.12', '56.12', 1564367737, '201907291035370110110192', '', ''),
(81, 1, 1, 6, 54, 102, 4, '处方1', 1, 1, 1, 1, '0.00', '17.04', 1564367793, '201907291036330110110145', '', ''),
(82, 1, 1, 7, 55, 103, 4, '处方1', 1, 1, 1, 1, '0.00', '3.47', 1564367832, '201907291037120110110135', '', ''),
(83, 1, 1, 7, 55, 103, 4, '处方2', 1, 1, 1, 1, '36.80', '36.80', 1564367832, '201907291037120110110111', '', ''),
(84, 1, 9, 7, 56, 107, 1, '处方1', 1, 1, 1, 1, '0.00', '22.40', 1564369313, '201907291101530110190172', '', ''),
(85, 1, 8, 8, 57, 109, 1, '处方1', 1, 1, 1, 1, '0.00', '17.58', 1564371416, '201907291136560110180128', '', ''),
(86, 1, 8, 8, 57, 109, 1, '处方2', 1, 1, 1, 1, '441.54', '441.54', 1564371416, '201907291136560110180157', '', ''),
(87, 1, 8, 7, 58, 113, 1, '处方1', 1, 1, 1, 1, '0.00', '6.38', 1564381002, '201907291416420110180124', '萨弗迪', '阿迪斯'),
(88, 1, 8, 6, 59, 114, 1, '处方1', 1, 3, 1, 3, '0.00', '11.85', 1564381073, '201907291417530110180144', '当归', '地方'),
(89, 1, 8, 7, 60, 115, 1, '处方1', 1, 2, 2, 4, '2.00', '33.60', 1564381195, '201907291419550110180116', '如果是', '而我'),
(90, 1, 8, 5, 61, 116, 1, '处方1', 1, 3, 2, 6, '0.00', '215.16', 1564381495, '201907291424550110180159', '', ''),
(91, 1, 1, 9, 62, 117, 0, '处方1', 1, 1, 1, 1, '0.00', '0.00', 1564383813, '201907291503330110110192', '', ''),
(92, 1, 1, 6, 63, 118, 0, '处方1', 1, 1, 1, 1, '0.00', '0.00', 1564384074, '201907291507540110110176', '', ''),
(93, 1, 8, 9, 64, 119, 1, '处方1', 1, 1, 1, 1, '0.00', '39.50', 1564385302, '201907291528220110180194', '', ''),
(94, 1, 8, 7, 65, 120, 1, '处方1', 1, 1, 1, 1, '0.00', '23.70', 1564385584, '201907291533040110180131', '', ''),
(95, 1, 8, 8, 66, 121, 4, '处方1', 1, 1, 6, 6, '0.00', '67.56', 1564386636, '201907291550360110180151', '', ''),
(96, 1, 8, 9, 67, 122, 1, '处方1', 1, 1, 6, 6, '0.00', '193.50', 1564386972, '201907291556120110180116', '', ''),
(97, 1, 8, 6, 68, 123, 4, '处方1', 1, 3, 2, 6, '0.00', '129.00', 1564387597, '201907291606370110180147', '', ''),
(98, 1, 8, 9, 69, 124, 1, '处方1', 1, 1, 1, 1, '0.00', '129.49', 1564389772, '201907291642520110180135', '', ''),
(99, 1, 8, 7, 70, 125, 1, '处方1', 1, 1, 1, 1, '0.00', '11.26', 1564391169, '201907291706090110180194', '', ''),
(100, 1, 1, 7, 71, 126, 0, '处方1', 1, 1, 1, 1, '0.00', '0.00', 1564391403, '201907291710030110110145', '', ''),
(101, 1, 8, 8, 72, 130, 1, '处方1', 1, 1, 1, 1, '0.00', '172.49', 1564452670, '201907301011100110180175', '', ''),
(102, 1, 8, 6, 73, 131, 1, '处方1', 1, 1, 1, 1, '0.00', '63.64', 1564452730, '201907301012100110180178', '', ''),
(103, 1, 8, 5, 74, 132, 1, '处方1', 1, 1, 1, 1, '0.00', '152.54', 1564452962, '201907301016020110180185', '', ''),
(104, 1, 8, 8, 75, 133, 1, '处方1', 1, 1, 1, 1, '0.00', '5.63', 1564453378, '201907301022580110180118', '', ''),
(105, 1, 8, 6, 76, 134, 4, '处方1', 1, 1, 1, 1, '0.00', '44.86', 1564453951, '201907301032310110180130', '', ''),
(106, 1, 9, 6, 77, 139, 1, '处方1', 1, 1, 1, 1, '0.00', '9.89', 1564454136, '201907301035360110190129', '', ''),
(107, 1, 9, 5, 78, 140, 1, '处方1', 1, 1, 1, 1, '0.00', '9.58', 1564454181, '201907301036210110190174', '', ''),
(108, 1, 9, 7, 79, 141, 4, '处方1', 1, 1, 1, 1, '0.00', '98.90', 1564454224, '201907301037040110190118', '', ''),
(112, 1, 1, 5, 80, 142, 1, '处方1', 1, 1, 1, 1, '3.00', '28.39', 1564455495, '201907301058150110110190', '', ''),
(113, 1, 1, 9, 81, 144, 1, '处方1', 1, 1, 1, 1, '0.00', '45.40', 1565161309, '201908071501490110110117', '', ''),
(114, 1, 1, 9, 81, 144, 1, '处方2', 1, 1, 1, 1, '9.20', '9.20', 1565161309, '201908071501490110110187', '', ''),
(117, 1, 1, 11, 83, 147, 1, '处方1', 1, 1, 1, 1, '2.00', '26.13', 1565249338, '201908081528580110110118', '', ''),
(118, 1, 1, 11, 83, 147, 1, '处方2', 1, 1, 1, 1, '85.00', '85.00', 1565249338, '201908081528580110110183', '', ''),
(120, 1, 1, 8, 85, 149, 1, '处方1', 1, 1, 1, 1, '0.00', '44.35', 1565251903, '201908081611430110110148', '', ''),
(122, 1, 1, 7, 84, 148, 0, '处方1', 1, 1, 1, 1, '0.00', '0.00', 1565336494, '201908091541340110110126', '按时吃药', '测试'),
(123, 1, 1, 11, 86, 150, 0, '处方1', 1, 1, 1, 1, '0.00', '0.00', 1565336509, '201908091541490110110131', '', ''),
(128, 1, 1, 9, 82, 145, 0, '处方1', 1, 1, 1, 1, '0.00', '4.54', 1565336567, '201908091542470110110117', '', ''),
(129, 1, 1, 9, 82, 145, 0, '处方2', 1, 1, 1, 1, '0.00', '0.00', 1565336567, '201908091542470110110188', '', ''),
(130, 1, 1, 9, 87, 151, 1, '处方1', 1, 1, 1, 1, '146.00', '146.00', 1565430229, '201908101743490110110171', '', ''),
(133, 1, 1, 10, 88, 154, 1, '处方1', 1, 1, 1, 1, '0.00', '22.47', 1565431349, '201908101802290110110112', '', ''),
(134, 1, 1, 11, 89, 155, 1, '处方1', 1, 1, 1, 1, '0.00', '24.13', 1565431397, '201908101803170110110150', '', ''),
(135, 1, 13, 11, 90, 157, 0, '处方1', 1, 1, 1, 1, '0.00', '22.47', 1565433966, '2019081018460601101130120', '', ''),
(136, 1, 1, 9, 91, 158, 1, '处方1', 1, 1, 1, 1, '0.00', '4.54', 1565513567, '201908111652470110110189', '', ''),
(138, 1, 12, 8, 92, 162, 0, '处方1', 1, 1, 1, 1, '0.00', '4.54', 1565711053, '2019081323441301101120170', '', ''),
(139, 1, 1, 11, 93, 163, 0, '处方1', 1, 1, 1, 1, '0.00', '4.54', 1565747233, '201908140947130110110172', '', ''),
(140, 1, 1, 11, 94, 164, 0, '处方1', 1, 1, 1, 1, '0.00', '0.00', 1565747522, '201908140952020110110111', '', ''),
(141, 1, 1, 11, 95, 165, 1, '处方1', 1, 1, 1, 1, '109.20', '109.20', 1565747940, '201908140959000110110166', '', ''),
(142, 1, 1, 10, 96, 166, 0, '处方1', 1, 1, 1, 1, '36.80', '36.80', 1565748021, '201908141000210110110154', '', ''),
(143, 1, 1, 11, 97, 169, 1, '处方1', 1, 1, 1, 1, '109.20', '109.20', 1565748646, '201908141010460110110110', '', ''),
(144, 1, 1, 12, 98, 171, 1, '处方1', 1, 1, 1, 1, '36.80', '36.80', 1565749222, '201908141020220110110167', '', ''),
(145, 1, 1, 11, 99, 174, 1, '处方1', 1, 1, 1, 1, '0.00', '46.60', 1379691547, '201309202339070110110167', '', ''),
(146, 1, 1, 11, 99, 174, 1, '处方2', 1, 1, 1, 1, '109.20', '109.20', 1379691547, '201309202339070110110168', '', ''),
(147, 1, 1, 13, 100, 177, 1, '处方1', 1, 1, 1, 1, '0.00', '21.88', 1565921152, '201908161005520110110157', '', ''),
(148, 1, 11, 13, 101, 180, 0, '处方1', 1, 1, 1, 1, '0.00', '4.54', 1565956518, '2019081619551801101110162', '', ''),
(149, 1, 11, 13, 101, 180, 0, '处方2', 1, 1, 1, 1, '109.20', '109.20', 1565956518, '2019081619551801101110198', '', ''),
(150, 1, 1, 13, 102, 182, 1, '处方1', 1, 1, 1, 1, '36.80', '36.80', 1565957015, '201908162003350110110191', '', ''),
(151, 1, 1, 16, 103, 186, 1, '处方1', 1, 1, 1, 1, '0.00', '4.54', 1565959229, '201908162040290110110195', '', ''),
(152, 1, 1, 16, 103, 186, 1, '处方2', 1, 1, 1, 1, '120.00', '120.00', 1565959229, '201908162040290110110113', '', ''),
(153, 1, 1, 17, 104, 196, 0, '处方1', 1, 1, 1, 1, '0.00', '0.00', 1566264082, '201908200921220110110123', '', ''),
(154, 1, 1, 17, 105, 197, 0, '处方1', 1, 1, 1, 1, '0.00', '0.00', 1566264085, '201908200921250110110170', '', ''),
(155, 1, 1, 12, 106, 198, 0, '处方1', 1, 1, 1, 1, '0.00', '0.00', 1566264158, '201908200922380110110165', '', ''),
(156, 1, 1, 18, 107, 199, 1, '处方1', 1, 1, 1, 1, '0.00', '21.94', 1566264325, '201908200925250110110144', '', ''),
(157, 1, 1, 19, 108, 201, 1, '处方1', 1, 1, 1, 1, '0.00', '67.19', 1566264585, '201908200929450110110125', '', ''),
(158, 1, 1, 20, 109, 203, 1, '处方1', 1, 1, 1, 1, '100.00', '100.00', 1566270270, '201908201104300110110167', '', ''),
(159, 1, 1, 21, 110, 205, 1, '处方1', 1, 1, 1, 1, '590.00', '590.00', 1566272466, '201908201141060110110117', '', ''),
(160, 1, 1, 22, 111, 207, 1, '处方1', 1, 1, 1, 1, '590.00', '590.00', 1566348360, '201908210846000110110136', '', ''),
(161, 1, 1, 23, 112, 208, 1, '处方1', 1, 1, 1, 1, '150.00', '150.00', 1566348461, '201908210847410110110191', '', ''),
(162, 1, 21, 24, 113, 209, 1, '处方1', 1, 1, 1, 1, '570.00', '570.00', 1566348844, '2019082108540401101210191', '', ''),
(163, 1, 1, 25, 114, 211, 0, '处方1', 1, 1, 1, 1, '0.00', '0.00', 1566349102, '201908210858220110110130', '', ''),
(164, 1, 1, 25, 115, 212, 1, '处方1', 1, 1, 1, 1, '0.00', '104.14', 1566349118, '201908210858380110110142', '', ''),
(165, 1, 16, 26, 116, 214, 0, '处方1', 1, 1, 1, 1, '0.00', '0.00', 1566352404, '2019082109532401101160170', '', ''),
(166, 1, 21, 27, 117, 216, 1, '处方1', 1, 1, 1, 1, '120.00', '120.00', 1566352807, '2019082110000701101210132', '', ''),
(167, 1, 21, 28, 118, 218, 1, '处方1', 1, 1, 1, 1, '2398.00', '2398.00', 1566441570, '2019082210393001101210116', '', ''),
(168, 1, 21, 29, 119, 219, 1, '处方1', 1, 1, 1, 1, '320.00', '320.00', 1566441635, '2019082210403501101210159', '', ''),
(169, 1, 21, 30, 120, 220, 1, '处方1', 1, 1, 1, 1, '570.00', '570.00', 1566441742, '2019082210422201101210126', '', ''),
(170, 1, 1, 31, 121, 222, 1, '处方1', 1, 1, 1, 1, '590.00', '590.00', 1566604179, '201908240749390110110113', '', ''),
(171, 1, 1, 32, 122, 224, 1, '处方1', 1, 1, 1, 1, '1930.00', '1930.00', 1566604525, '201908240755250110110148', '', ''),
(172, 1, 1, 33, 123, 226, 1, '处方1', 1, 1, 1, 1, '980.00', '980.00', 1566604736, '201908240758560110110117', '', ''),
(173, 1, 1, 34, 124, 228, 1, '处方1', 1, 1, 1, 1, '1140.00', '1140.00', 1567216471, '201908310954310110110182', '', ''),
(174, 1, 1, 35, 125, 229, 1, '处方1', 1, 1, 1, 1, '2180.00', '2180.00', 1567216575, '201908310956150110110127', '', ''),
(175, 1, 1, 36, 126, 230, 1, '处方1', 1, 1, 1, 1, '1510.00', '1510.00', 1567216650, '201908310957300110110187', '', ''),
(176, 1, 1, 37, 127, 231, 1, '处方1', 1, 1, 1, 1, '980.00', '980.00', 1567216840, '201908311000400110110159', '', ''),
(177, 1, 1, 38, 128, 232, 1, '处方1', 1, 1, 1, 1, '1920.00', '1920.00', 1567216928, '201908311002080110110142', '', ''),
(178, 1, 1, 39, 129, 233, 1, '处方1', 1, 1, 1, 1, '1820.00', '1820.00', 1567478707, '201909031045070110110147', '', ''),
(179, 1, 1, 40, 130, 234, 1, '处方1', 1, 1, 1, 1, '1465.00', '1465.00', 1567478788, '201909031046280110110128', '', ''),
(180, 1, 1, 41, 131, 236, 1, '处方1', 1, 1, 1, 1, '1665.00', '1665.00', 1567560173, '201909040922530110110163', '', ''),
(181, 1, 1, 42, 132, 238, 1, '处方1', 1, 1, 1, 1, '1500.00', '1500.00', 1567565674, '201909041054340110110154', '', '');

-- --------------------------------------------------------

--
-- 表的结构 `dzm_his_care_order_sub`
--

CREATE TABLE IF NOT EXISTS `dzm_his_care_order_sub` (
  `id` int(10) unsigned NOT NULL AUTO_INCREMENT,
  `pkg_id` int(10) unsigned DEFAULT '0',
  `fid` int(10) unsigned DEFAULT '0' COMMENT '所属开诊id',
  `type_id` tinyint(1) unsigned DEFAULT '0' COMMENT '分类：0药，1附加费，2检查项目',
  `goods_id` int(10) unsigned DEFAULT '0' COMMENT '商品id，药品id',
  `goods_name` varchar(255) DEFAULT '' COMMENT '药品名',
  `single` decimal(10,2) unsigned DEFAULT '0.00' COMMENT '单剂量',
  `unit` varchar(20) DEFAULT '' COMMENT '单位',
  `price` decimal(10,2) DEFAULT '0.00' COMMENT '单价',
  `num` decimal(10,2) DEFAULT '0.00' COMMENT '用量',
  `amount` decimal(10,2) DEFAULT '0.00' COMMENT '金额',
  `tips` varchar(255) DEFAULT NULL COMMENT '特殊要求，备注',
  PRIMARY KEY (`id`),
  KEY `fid` (`fid`) USING BTREE,
  KEY `goods_id` (`goods_id`) USING BTREE,
  KEY `type_id` (`type_id`) USING BTREE,
  KEY `pkg_id` (`pkg_id`) USING BTREE
) ENGINE=InnoDB  DEFAULT CHARSET=utf8 COMMENT='开诊用药明细' AUTO_INCREMENT=395 ;

--
-- 转存表中的数据 `dzm_his_care_order_sub`
--

INSERT INTO `dzm_his_care_order_sub` (`id`, `pkg_id`, `fid`, `type_id`, `goods_id`, `goods_name`, `single`, `unit`, `price`, `num`, `amount`, `tips`) VALUES
(90, 80, 66, 0, 43, '当归', '1.00', 'g', '5.00', '9.00', '45.00', ''),
(91, 81, 67, 0, 44, '双料喉风散', '1.00', '瓶', '14.00', '1.00', '14.00', ''),
(92, 81, 68, 0, 43, '当归', '1.00', 'g', '3.47', '1.00', '3.47', ''),
(93, 82, 69, 0, 43, '当归', '1.00', 'g', '3.47', '1.00', '3.47', ''),
(94, 82, 69, 0, 44, '双料喉风散', '1.00', '瓶', '14.00', '1.00', '14.00', ''),
(95, 87, 70, 0, 44, '双料喉风散', '1.00', '瓶', '11.20', '1.00', '11.20', ''),
(96, 87, 70, 0, 47, '牛黄解毒片', '1.00', '盒', '8.00', '1.00', '8.00', '饭后'),
(97, 88, 71, 0, 47, '牛黄解毒片', '1.00', '片', '8.00', '1.00', '8.00', ''),
(98, 89, 72, 2, 6, '血常规', '1.00', '次', '36.80', '1.00', '36.80', '化验类'),
(99, 89, 72, 2, 9, '生化八项', '1.00', '次', '46.92', '1.00', '46.92', '化验类'),
(100, 92, 73, 0, 46, '蜈蚣', '1.00', '条', '6.00', '4.00', '24.00', ''),
(101, 93, 74, 2, 5, '心梗三项快速定量检测', '1.00', '次', '202.00', '1.00', '202.00', '化验类'),
(102, 93, 74, 2, 10, '急诊心电图', '1.00', '次', '37.82', '1.00', '37.82', '拍片类'),
(103, 93, 74, 2, 11, '胸部正位片', '1.00', '次', '72.00', '1.00', '72.00', '拍片类'),
(104, 94, 75, 2, 6, '血常规', '1.00', '次', '36.80', '1.00', '36.80', '化验类'),
(105, 94, 75, 2, 11, '胸部正位片', '1.00', '次', '72.00', '1.00', '72.00', '拍片类'),
(106, 96, 76, 0, 43, '当归', '1.00', 'g', '3.47', '1.00', '3.47', ''),
(107, 96, 76, 1, 2, '分装', '1.00', '/次', '3.00', '1.00', '3.00', ''),
(108, 96, 77, 2, 6, '血常规', '1.00', '次', '36.80', '1.00', '36.80', '化验类'),
(109, 96, 77, 2, 7, '肝功三项', '1.00', '次', '9.20', '1.00', '9.20', '化验类'),
(110, 96, 77, 2, 8, '超敏C反应蛋白测定', '1.00', '次', '36.80', '1.00', '36.80', '化验类'),
(111, 96, 77, 2, 9, '生化八项', '1.00', '次', '46.92', '1.00', '46.92', '化验类'),
(112, 97, 78, 0, 43, '当归', '1.00', 'g', '3.47', '10.00', '34.70', ''),
(113, 100, 79, 2, 10, '急诊心电图', '1.00', '次', '37.82', '1.00', '37.82', '拍片类'),
(114, 100, 79, 2, 11, '胸部正位片', '1.00', '次', '72.00', '1.00', '72.00', '拍片类'),
(115, 101, 80, 2, 7, '肝功三项', '1.00', '次', '9.20', '1.00', '9.20', '化验类'),
(116, 101, 80, 2, 9, '生化八项', '1.00', '次', '46.92', '1.00', '46.92', '化验类'),
(117, 102, 81, 0, 44, '双料喉风散', '1.00', '瓶', '11.20', '1.00', '11.20', ''),
(118, 102, 81, 0, 47, '牛黄解毒片', '1.00', '片', '5.84', '1.00', '5.84', ''),
(119, 103, 82, 0, 43, '当归', '1.00', 'g', '3.47', '1.00', '3.47', ''),
(120, 103, 83, 2, 6, '血常规', '1.00', '次', '36.80', '1.00', '36.80', '化验类'),
(121, 107, 84, 0, 44, '双料喉风散', '1.00', '瓶', '11.20', '2.00', '22.40', ''),
(122, 109, 85, 0, 44, '双料喉风散', '1.00', '瓶', '11.20', '1.00', '11.20', ''),
(123, 109, 85, 0, 47, '牛黄解毒片', '1.00', '片', '6.38', '1.00', '6.38', ''),
(124, 109, 86, 2, 5, '心梗三项快速定量检测', '1.00', '次', '202.00', '1.00', '202.00', '化验类'),
(125, 109, 86, 2, 6, '血常规', '1.00', '次', '36.80', '1.00', '36.80', '化验类'),
(126, 109, 86, 2, 7, '肝功三项', '1.00', '次', '9.20', '1.00', '9.20', '化验类'),
(127, 109, 86, 2, 8, '超敏C反应蛋白测定', '1.00', '次', '36.80', '1.00', '36.80', '化验类'),
(128, 109, 86, 2, 9, '生化八项', '1.00', '次', '46.92', '1.00', '46.92', '化验类'),
(129, 109, 86, 2, 10, '急诊心电图', '1.00', '次', '37.82', '1.00', '37.82', '拍片类'),
(130, 109, 86, 2, 11, '胸部正位片', '1.00', '次', '72.00', '1.00', '72.00', '拍片类'),
(131, 113, 87, 0, 47, '牛黄解毒片', '1.00', '片', '6.38', '1.00', '6.38', ''),
(132, 114, 88, 0, 43, '当归', '1.00', 'g', '3.95', '1.00', '3.95', '士大夫'),
(133, 115, 89, 0, 43, '当归', '1.00', 'g', '3.95', '2.00', '7.90', '问题'),
(134, 115, 89, 1, 3, '代煎', '1.00', '/次', '2.00', '1.00', '2.00', ''),
(135, 116, 90, 0, 45, '六味地黄丸', '1.00', '瓶', '15.00', '2.00', '30.00', ''),
(136, 116, 90, 0, 46, '蜈蚣', '1.00', '条', '5.86', '1.00', '5.86', ''),
(137, 119, 93, 0, 43, '当归', '1.00', 'g', '3.95', '10.00', '39.50', ''),
(138, 120, 94, 0, 43, '当归', '1.00', 'g', '3.95', '6.00', '23.70', ''),
(139, 121, 95, 0, 46, '蜈蚣', '1.00', '条', '5.63', '2.00', '11.26', ''),
(140, 122, 96, 0, 44, '双料喉风散', '1.00', '瓶', '10.75', '3.00', '32.25', ''),
(141, 123, 97, 0, 44, '双料喉风散', '1.00', '瓶', '10.75', '2.00', '21.50', ''),
(142, 124, 98, 0, 46, '蜈蚣', '1.00', '条', '5.63', '23.00', '129.49', ''),
(143, 125, 99, 0, 46, '蜈蚣', '1.00', '条', '5.63', '2.00', '11.26', ''),
(144, 130, 101, 0, 45, '六味地黄丸', '1.00', '瓶', '9.89', '13.00', '128.57', ''),
(145, 130, 101, 0, 47, '牛黄解毒片', '1.00', '片', '14.64', '3.00', '43.92', ''),
(146, 131, 102, 0, 44, '双料喉风散', '1.00', '瓶', '10.75', '5.00', '53.75', ''),
(147, 131, 102, 0, 45, '六味地黄丸', '1.00', '瓶', '9.89', '1.00', '9.89', ''),
(148, 132, 103, 0, 44, '双料喉风散', '1.00', '瓶', '10.75', '10.00', '107.50', ''),
(149, 132, 103, 0, 46, '蜈蚣', '1.00', '条', '5.63', '8.00', '45.04', ''),
(150, 133, 104, 0, 46, '蜈蚣', '1.00', '条', '5.63', '1.00', '5.63', ''),
(151, 134, 105, 0, 43, '当归', '1.00', 'g', '3.95', '1.00', '3.95', ''),
(152, 134, 105, 0, 44, '双料喉风散', '1.00', '瓶', '10.75', '1.00', '10.75', ''),
(153, 134, 105, 0, 45, '六味地黄丸', '1.00', '瓶', '9.89', '1.00', '9.89', ''),
(154, 134, 105, 0, 46, '蜈蚣', '1.00', '条', '5.63', '1.00', '5.63', ''),
(155, 134, 105, 0, 47, '牛黄解毒片', '1.00', '片', '14.64', '1.00', '14.64', ''),
(156, 134, 105, 0, 48, '枸杞', '1.00', '', '0.00', '1.00', '0.00', ''),
(157, 139, 106, 0, 45, '六味地黄丸', '1.00', '瓶', '9.89', '1.00', '9.89', ''),
(158, 140, 107, 0, 43, '当归', '1.00', 'g', '3.95', '1.00', '3.95', ''),
(159, 140, 107, 0, 46, '蜈蚣', '1.00', '条', '5.63', '1.00', '5.63', ''),
(160, 141, 108, 0, 45, '六味地黄丸', '1.00', '瓶', '9.89', '10.00', '98.90', ''),
(170, 142, 112, 0, 44, '双料喉风散', '1.00', '瓶', '10.75', '1.00', '10.75', ''),
(171, 142, 112, 0, 47, '牛黄解毒片', '1.00', '片', '14.64', '1.00', '14.64', ''),
(172, 142, 112, 1, 2, '分装', '1.00', '/次', '3.00', '1.00', '3.00', ''),
(173, 144, 113, 0, 43, '当归', '1.00', 'g', '4.54', '10.00', '45.40', '每天三次'),
(174, 144, 114, 2, 7, '肝功三项', '1.00', '次', '9.20', '1.00', '9.20', '拍片类'),
(177, 147, 117, 0, 47, '牛黄解毒片', '1.00', '片', '24.13', '1.00', '24.13', ''),
(178, 147, 117, 1, 4, '问诊', '1.00', '/次', '2.00', '1.00', '2.00', ''),
(179, 147, 118, 2, 13, '鼻炎喷雾', '1.00', '1次', '85.00', '1.00', '85.00', '化验类'),
(185, 149, 120, 0, 44, '双料喉风散', '1.00', '瓶', '22.47', '1.00', '22.47', ''),
(186, 149, 120, 0, 48, '枸杞', '1.00', 'g', '21.88', '1.00', '21.88', ''),
(191, 145, 128, 0, 43, '当归', '1.00', 'g', '4.54', '1.00', '4.54', ''),
(192, 151, 130, 2, 7, '牙周炎治疗', '1.00', '次', '109.20', '1.00', '109.20', '化验类'),
(193, 151, 130, 2, 8, '种植牙', '1.00', '次', '36.80', '1.00', '36.80', '手术类'),
(196, 154, 133, 0, 44, '双料喉风散', '1.00', '瓶', '22.47', '1.00', '22.47', ''),
(197, 155, 134, 0, 47, '牛黄解毒片', '1.00', '片', '24.13', '1.00', '24.13', ''),
(198, 157, 135, 0, 44, '双料喉风散', '1.00', '瓶', '22.47', '1.00', '22.47', ''),
(199, 158, 136, 0, 43, '当归', '1.00', 'g', '4.54', '1.00', '4.54', ''),
(201, 162, 138, 0, 43, '当归', '1.00', 'g', '4.54', '1.00', '4.54', ''),
(202, 163, 139, 0, 43, '当归', '1.00', 'g', '4.54', '1.00', '4.54', ''),
(203, 165, 141, 2, 7, '牙周炎治疗', '1.00', '次', '109.20', '1.00', '109.20', '化验类'),
(204, 166, 142, 2, 8, '种植牙', '1.00', '次', '36.80', '1.00', '36.80', '手术类'),
(205, 169, 143, 2, 7, '牙周炎治疗', '1.00', '次', '109.20', '1.00', '109.20', '化验类'),
(206, 171, 144, 2, 8, '种植牙', '1.00', '次', '36.80', '1.00', '36.80', '手术类'),
(207, 174, 145, 0, 44, '双料喉风散', '1.00', '瓶', '22.47', '1.00', '22.47', ''),
(208, 174, 145, 0, 47, '牛黄解毒片', '1.00', '片', '24.13', '1.00', '24.13', ''),
(209, 174, 146, 2, 7, '牙周炎治疗', '1.00', '次', '109.20', '1.00', '109.20', '化验类'),
(210, 177, 147, 0, 48, '枸杞', '1.00', 'g', '21.88', '1.00', '21.88', ''),
(211, 180, 148, 0, 43, '当归', '1.00', 'g', '4.54', '1.00', '4.54', ''),
(212, 180, 149, 2, 7, '牙周炎治疗', '1.00', '次', '109.20', '1.00', '109.20', '化验类'),
(213, 182, 150, 2, 8, '种植牙', '1.00', '次', '36.80', '1.00', '36.80', '手术类'),
(214, 186, 151, 0, 43, '当归', '1.00', 'g', '4.54', '1.00', '4.54', ''),
(215, 186, 152, 2, 16, '牙片', '1.00', '次', '120.00', '1.00', '120.00', '拍片类'),
(216, 199, 156, 0, 45, '六味地黄丸', '1.00', '瓶', '9.94', '1.00', '9.94', ''),
(217, 199, 156, 0, 49, '枇杷露', '1.00', '瓶', '12.00', '1.00', '12.00', ''),
(218, 201, 157, 0, 46, '蜈蚣', '1.00', '条', '9.18', '1.00', '9.18', ''),
(219, 201, 157, 0, 47, '牛黄解毒片', '1.00', '片', '24.13', '1.00', '24.13', ''),
(220, 201, 157, 0, 48, '枸杞', '1.00', 'g', '21.88', '1.00', '21.88', ''),
(221, 201, 157, 0, 49, '枇杷露', '1.00', '瓶', '12.00', '1.00', '12.00', ''),
(222, 203, 158, 2, 21, '体检', '1.00', '次', '100.00', '1.00', '100.00', '体检类'),
(223, 205, 159, 2, 22, '超声骨密度', '1.00', '次', '15.00', '1.00', '15.00', '体检类'),
(224, 205, 159, 2, 23, '耳鼻喉科一般检查', '1.00', '次', '10.00', '1.00', '10.00', '体检类'),
(225, 205, 159, 2, 24, '胸部透视', '1.00', '次', '20.00', '1.00', '20.00', '体检类'),
(226, 205, 159, 2, 25, '腹部彩超', '1.00', '次', '100.00', '1.00', '100.00', '体检类'),
(227, 205, 159, 2, 26, '外科检查', '1.00', '次', '10.00', '1.00', '10.00', '体检类'),
(228, 205, 159, 2, 27, '动脉硬化检测', '1.00', '次', '140.00', '1.00', '140.00', '体检类'),
(229, 205, 159, 2, 28, '心电图', '1.00', '次', '30.00', '1.00', '30.00', '体检类'),
(230, 205, 159, 2, 29, '肺功能检测', '1.00', '次', '80.00', '1.00', '80.00', '体检类'),
(231, 205, 159, 2, 30, '一般检查', '1.00', '次', '5.00', '1.00', '5.00', '体检类'),
(232, 205, 159, 2, 31, '碳14呼气试验检测', '1.00', '次', '150.00', '1.00', '150.00', '体检类'),
(233, 205, 159, 2, 32, '内科检查', '1.00', '次', '10.00', '1.00', '10.00', '体检类'),
(234, 205, 159, 2, 33, '妇科检查', '1.00', '次', '20.00', '1.00', '20.00', '体检类'),
(235, 207, 160, 2, 22, '超声骨密度', '1.00', '次', '15.00', '1.00', '15.00', '体检类'),
(236, 207, 160, 2, 23, '耳鼻喉科一般检查', '1.00', '次', '10.00', '1.00', '10.00', '体检类'),
(237, 207, 160, 2, 24, '胸部透视', '1.00', '次', '20.00', '1.00', '20.00', '体检类'),
(238, 207, 160, 2, 25, '腹部彩超', '1.00', '次', '100.00', '1.00', '100.00', '体检类'),
(239, 207, 160, 2, 26, '外科检查', '1.00', '次', '10.00', '1.00', '10.00', '体检类'),
(240, 207, 160, 2, 27, '动脉硬化检测', '1.00', '次', '140.00', '1.00', '140.00', '体检类'),
(241, 207, 160, 2, 28, '心电图', '1.00', '次', '30.00', '1.00', '30.00', '体检类'),
(242, 207, 160, 2, 29, '肺功能检测', '1.00', '次', '80.00', '1.00', '80.00', '体检类'),
(243, 207, 160, 2, 30, '一般检查', '1.00', '次', '5.00', '1.00', '5.00', '体检类'),
(244, 207, 160, 2, 31, '碳14呼气试验检测', '1.00', '次', '150.00', '1.00', '150.00', '体检类'),
(245, 207, 160, 2, 32, '内科检查', '1.00', '次', '10.00', '1.00', '10.00', '体检类'),
(246, 207, 160, 2, 33, '妇科检查', '1.00', '次', '20.00', '1.00', '20.00', '体检类'),
(247, 208, 161, 2, 24, '胸部透视', '1.00', '次', '20.00', '1.00', '20.00', '体检类'),
(248, 208, 161, 2, 25, '腹部彩超', '1.00', '次', '100.00', '1.00', '100.00', '体检类'),
(249, 208, 161, 2, 28, '心电图', '1.00', '次', '30.00', '1.00', '30.00', '体检类'),
(250, 209, 162, 2, 22, '超声骨密度', '1.00', '次', '15.00', '1.00', '15.00', '体检类'),
(251, 209, 162, 2, 23, '耳鼻喉科一般检查', '1.00', '次', '10.00', '1.00', '10.00', '体检类'),
(252, 209, 162, 2, 24, '胸部透视', '1.00', '次', '20.00', '1.00', '20.00', '体检类'),
(253, 209, 162, 2, 25, '腹部彩超', '1.00', '次', '100.00', '1.00', '100.00', '体检类'),
(254, 209, 162, 2, 26, '外科检查', '1.00', '次', '10.00', '1.00', '10.00', '体检类'),
(255, 209, 162, 2, 27, '动脉硬化检测', '1.00', '次', '140.00', '1.00', '140.00', '体检类'),
(256, 209, 162, 2, 28, '心电图', '1.00', '次', '30.00', '1.00', '30.00', '体检类'),
(257, 209, 162, 2, 29, '肺功能检测', '1.00', '次', '80.00', '1.00', '80.00', '体检类'),
(258, 209, 162, 2, 30, '一般检查', '1.00', '次', '5.00', '1.00', '5.00', '体检类'),
(259, 209, 162, 2, 31, '碳14呼气试验检测', '1.00', '次', '150.00', '1.00', '150.00', '体检类'),
(260, 209, 162, 2, 32, '内科检查', '1.00', '次', '10.00', '1.00', '10.00', '体检类'),
(261, 212, 164, 0, 43, '当归', '1.00', 'g', '4.54', '1.00', '4.54', ''),
(262, 212, 164, 0, 44, '双料喉风散', '1.00', '瓶', '22.47', '1.00', '22.47', ''),
(263, 212, 164, 0, 45, '六味地黄丸', '1.00', '瓶', '9.94', '1.00', '9.94', ''),
(264, 212, 164, 0, 46, '蜈蚣', '1.00', '条', '9.18', '1.00', '9.18', ''),
(265, 212, 164, 0, 47, '牛黄解毒片', '1.00', '片', '24.13', '1.00', '24.13', ''),
(266, 212, 164, 0, 48, '枸杞', '1.00', 'g', '21.88', '1.00', '21.88', ''),
(267, 212, 164, 0, 49, '枇杷露', '1.00', '瓶', '12.00', '1.00', '12.00', ''),
(268, 216, 166, 2, 24, '胸部透视', '1.00', '次', '20.00', '1.00', '20.00', '体检类'),
(269, 216, 166, 2, 25, '腹部彩超', '1.00', '次', '100.00', '1.00', '100.00', '体检类'),
(270, 218, 167, 2, 35, '体检', '1.00', '次', '2398.00', '1.00', '2398.00', '体检类'),
(271, 219, 168, 2, 22, '超声骨密度', '1.00', '次', '15.00', '1.00', '15.00', '体检类'),
(272, 219, 168, 2, 23, '耳鼻喉科一般检查', '1.00', '次', '10.00', '1.00', '10.00', '体检类'),
(273, 219, 168, 2, 24, '胸部透视', '1.00', '次', '20.00', '1.00', '20.00', '体检类'),
(274, 219, 168, 2, 25, '腹部彩超', '1.00', '次', '100.00', '1.00', '100.00', '体检类'),
(275, 219, 168, 2, 26, '外科检查', '1.00', '次', '10.00', '1.00', '10.00', '体检类'),
(276, 219, 168, 2, 30, '一般检查', '1.00', '次', '5.00', '1.00', '5.00', '体检类'),
(277, 219, 168, 2, 31, '碳14呼气试验检测', '1.00', '次', '150.00', '1.00', '150.00', '体检类'),
(278, 219, 168, 2, 32, '内科检查', '1.00', '次', '10.00', '1.00', '10.00', '体检类'),
(279, 220, 169, 2, 22, '超声骨密度', '1.00', '次', '15.00', '1.00', '15.00', '体检类'),
(280, 220, 169, 2, 23, '耳鼻喉科一般检查', '1.00', '次', '10.00', '1.00', '10.00', '体检类'),
(281, 220, 169, 2, 24, '胸部透视', '1.00', '次', '20.00', '1.00', '20.00', '体检类'),
(282, 220, 169, 2, 25, '腹部彩超', '1.00', '次', '100.00', '1.00', '100.00', '体检类'),
(283, 220, 169, 2, 26, '外科检查', '1.00', '次', '10.00', '1.00', '10.00', '体检类'),
(284, 220, 169, 2, 27, '动脉硬化检测', '1.00', '次', '140.00', '1.00', '140.00', '体检类'),
(285, 220, 169, 2, 28, '心电图', '1.00', '次', '30.00', '1.00', '30.00', '体检类'),
(286, 220, 169, 2, 29, '肺功能检测', '1.00', '次', '80.00', '1.00', '80.00', '体检类'),
(287, 220, 169, 2, 30, '一般检查', '1.00', '次', '5.00', '1.00', '5.00', '体检类'),
(288, 220, 169, 2, 31, '碳14呼气试验检测', '1.00', '次', '150.00', '1.00', '150.00', '体检类'),
(289, 220, 169, 2, 32, '内科检查', '1.00', '次', '10.00', '1.00', '10.00', '体检类'),
(290, 222, 170, 2, 22, '超声骨密度', '1.00', '次', '15.00', '1.00', '15.00', '体检类'),
(291, 222, 170, 2, 23, '耳鼻喉科一般检查', '1.00', '次', '10.00', '1.00', '10.00', '体检类'),
(292, 222, 170, 2, 24, '胸部透视', '1.00', '次', '20.00', '1.00', '20.00', '体检类'),
(293, 222, 170, 2, 25, '腹部彩超', '1.00', '次', '100.00', '1.00', '100.00', '体检类'),
(294, 222, 170, 2, 26, '外科检查', '1.00', '次', '10.00', '1.00', '10.00', '体检类'),
(295, 222, 170, 2, 27, '动脉硬化检测', '1.00', '次', '140.00', '1.00', '140.00', '体检类'),
(296, 222, 170, 2, 28, '心电图', '1.00', '次', '30.00', '1.00', '30.00', '体检类'),
(297, 222, 170, 2, 29, '肺功能检测', '1.00', '次', '80.00', '1.00', '80.00', '体检类'),
(298, 222, 170, 2, 30, '一般检查', '1.00', '次', '5.00', '1.00', '5.00', '体检类'),
(299, 222, 170, 2, 31, '碳14呼气试验检测', '1.00', '次', '150.00', '1.00', '150.00', '体检类'),
(300, 222, 170, 2, 32, '内科检查', '1.00', '次', '10.00', '1.00', '10.00', '体检类'),
(301, 222, 170, 2, 33, '妇科检查', '1.00', '次', '20.00', '1.00', '20.00', '体检类'),
(302, 224, 171, 2, 22, '超声骨密度', '1.00', '次', '15.00', '1.00', '15.00', '体检类'),
(303, 224, 171, 2, 23, '耳鼻喉科一般检查', '1.00', '次', '10.00', '1.00', '10.00', '体检类'),
(304, 224, 171, 2, 24, '胸部透视', '1.00', '次', '20.00', '1.00', '20.00', '体检类'),
(305, 224, 171, 2, 25, '腹部彩超', '1.00', '次', '100.00', '1.00', '100.00', '体检类'),
(306, 224, 171, 2, 26, '外科检查', '1.00', '次', '10.00', '1.00', '10.00', '体检类'),
(307, 224, 171, 2, 27, '动脉硬化检测', '1.00', '次', '140.00', '1.00', '140.00', '体检类'),
(308, 224, 171, 2, 28, '心电图', '1.00', '次', '30.00', '1.00', '30.00', '体检类'),
(309, 224, 171, 2, 29, '肺功能检测', '1.00', '次', '80.00', '1.00', '80.00', '体检类'),
(310, 224, 171, 2, 30, '一般检查', '1.00', '次', '5.00', '1.00', '5.00', '体检类'),
(311, 224, 171, 2, 31, '碳14呼气试验检测', '1.00', '次', '150.00', '1.00', '150.00', '体检类'),
(312, 224, 171, 2, 32, '内科检查', '1.00', '次', '10.00', '1.00', '10.00', '体检类'),
(313, 224, 171, 2, 37, '甲状腺核磁', '1.00', '次', '680.00', '1.00', '680.00', '体检类'),
(314, 224, 171, 2, 38, '颈椎核磁', '1.00', '次', '680.00', '1.00', '680.00', '体检类'),
(315, 226, 172, 2, 23, '耳鼻喉科一般检查', '1.00', '次', '10.00', '1.00', '10.00', '体检类'),
(316, 226, 172, 2, 25, '腹部彩超', '1.00', '次', '100.00', '1.00', '100.00', '体检类'),
(317, 226, 172, 2, 26, '外科检查', '1.00', '次', '10.00', '1.00', '10.00', '体检类'),
(318, 226, 172, 2, 27, '动脉硬化检测', '1.00', '次', '140.00', '1.00', '140.00', '体检类'),
(319, 226, 172, 2, 28, '心电图', '1.00', '次', '30.00', '1.00', '30.00', '体检类'),
(320, 226, 172, 2, 32, '内科检查', '1.00', '次', '10.00', '1.00', '10.00', '体检类'),
(321, 226, 172, 2, 36, '头颅核磁', '1.00', '次', '680.00', '1.00', '680.00', '体检类'),
(322, 228, 173, 2, 22, '超声骨密度', '1.00', '次', '15.00', '1.00', '15.00', '体检类'),
(323, 228, 173, 2, 23, '耳鼻喉科一般检查', '1.00', '次', '10.00', '1.00', '10.00', '体检类'),
(324, 228, 173, 2, 24, '胸部透视', '1.00', '次', '20.00', '1.00', '20.00', '体检类'),
(325, 228, 173, 2, 25, '腹部彩超', '1.00', '次', '100.00', '1.00', '100.00', '体检类'),
(326, 228, 173, 2, 26, '外科检查', '1.00', '次', '10.00', '1.00', '10.00', '体检类'),
(327, 228, 173, 2, 27, '动脉硬化检测', '1.00', '次', '140.00', '1.00', '140.00', '体检类'),
(328, 228, 173, 2, 30, '一般检查', '1.00', '次', '5.00', '1.00', '5.00', '体检类'),
(329, 228, 173, 2, 31, '碳14呼气试验检测', '1.00', '次', '150.00', '1.00', '150.00', '体检类'),
(330, 228, 173, 2, 32, '内科检查', '1.00', '次', '10.00', '1.00', '10.00', '体检类'),
(331, 228, 173, 2, 39, '胸椎核磁', '1.00', '次', '680.00', '1.00', '680.00', '体检类'),
(332, 229, 174, 2, 23, '耳鼻喉科一般检查', '1.00', '次', '10.00', '1.00', '10.00', '体检类'),
(333, 229, 174, 2, 24, '胸部透视', '1.00', '次', '20.00', '1.00', '20.00', '体检类'),
(334, 229, 174, 2, 25, '腹部彩超', '1.00', '次', '100.00', '1.00', '100.00', '体检类'),
(335, 229, 174, 2, 32, '内科检查', '1.00', '次', '10.00', '1.00', '10.00', '体检类'),
(336, 229, 174, 2, 36, '头颅核磁', '1.00', '次', '680.00', '1.00', '680.00', '体检类'),
(337, 229, 174, 2, 37, '甲状腺核磁', '1.00', '次', '680.00', '1.00', '680.00', '体检类'),
(338, 229, 174, 2, 38, '颈椎核磁', '1.00', '次', '680.00', '1.00', '680.00', '体检类'),
(339, 230, 175, 2, 22, '超声骨密度', '1.00', '次', '15.00', '1.00', '15.00', '体检类'),
(340, 230, 175, 2, 23, '耳鼻喉科一般检查', '1.00', '次', '10.00', '1.00', '10.00', '体检类'),
(341, 230, 175, 2, 24, '胸部透视', '1.00', '次', '20.00', '1.00', '20.00', '体检类'),
(342, 230, 175, 2, 25, '腹部彩超', '1.00', '次', '100.00', '1.00', '100.00', '体检类'),
(343, 230, 175, 2, 30, '一般检查', '1.00', '次', '5.00', '1.00', '5.00', '体检类'),
(344, 230, 175, 2, 36, '头颅核磁', '1.00', '次', '680.00', '1.00', '680.00', '体检类'),
(345, 230, 175, 2, 39, '胸椎核磁', '1.00', '次', '680.00', '1.00', '680.00', '体检类'),
(346, 231, 176, 2, 22, '超声骨密度', '1.00', '次', '15.00', '1.00', '15.00', '体检类'),
(347, 231, 176, 2, 28, '心电图', '1.00', '次', '30.00', '1.00', '30.00', '体检类'),
(348, 231, 176, 2, 29, '肺功能检测', '1.00', '次', '80.00', '1.00', '80.00', '体检类'),
(349, 231, 176, 2, 30, '一般检查', '1.00', '次', '5.00', '1.00', '5.00', '体检类'),
(350, 231, 176, 2, 31, '碳14呼气试验检测', '1.00', '次', '150.00', '1.00', '150.00', '体检类'),
(351, 231, 176, 2, 33, '妇科检查', '1.00', '次', '20.00', '1.00', '20.00', '体检类'),
(352, 231, 176, 2, 37, '甲状腺核磁', '1.00', '次', '680.00', '1.00', '680.00', '体检类'),
(353, 232, 177, 2, 22, '超声骨密度', '1.00', '次', '15.00', '1.00', '15.00', '体检类'),
(354, 232, 177, 2, 23, '耳鼻喉科一般检查', '1.00', '次', '10.00', '1.00', '10.00', '体检类'),
(355, 232, 177, 2, 24, '胸部透视', '1.00', '次', '20.00', '1.00', '20.00', '体检类'),
(356, 232, 177, 2, 25, '腹部彩超', '1.00', '次', '100.00', '1.00', '100.00', '体检类'),
(357, 232, 177, 2, 26, '外科检查', '1.00', '次', '10.00', '1.00', '10.00', '体检类'),
(358, 232, 177, 2, 27, '动脉硬化检测', '1.00', '次', '140.00', '1.00', '140.00', '体检类'),
(359, 232, 177, 2, 28, '心电图', '1.00', '次', '30.00', '1.00', '30.00', '体检类'),
(360, 232, 177, 2, 29, '肺功能检测', '1.00', '次', '80.00', '1.00', '80.00', '体检类'),
(361, 232, 177, 2, 30, '一般检查', '1.00', '次', '5.00', '1.00', '5.00', '体检类'),
(362, 232, 177, 2, 31, '碳14呼气试验检测', '1.00', '次', '150.00', '1.00', '150.00', '体检类'),
(363, 232, 177, 2, 36, '头颅核磁', '1.00', '次', '680.00', '1.00', '680.00', '体检类'),
(364, 232, 177, 2, 37, '甲状腺核磁', '1.00', '次', '680.00', '1.00', '680.00', '体检类'),
(365, 233, 178, 2, 22, '超声骨密度', '1.00', '次', '15.00', '1.00', '15.00', '体检类'),
(366, 233, 178, 2, 23, '耳鼻喉科一般检查', '1.00', '次', '10.00', '1.00', '10.00', '体检类'),
(367, 233, 178, 2, 24, '胸部透视', '1.00', '次', '20.00', '1.00', '20.00', '体检类'),
(368, 233, 178, 2, 25, '腹部彩超', '1.00', '次', '100.00', '1.00', '100.00', '体检类'),
(369, 233, 178, 2, 26, '外科检查', '1.00', '次', '10.00', '1.00', '10.00', '体检类'),
(370, 233, 178, 2, 27, '动脉硬化检测', '1.00', '次', '140.00', '1.00', '140.00', '体检类'),
(371, 233, 178, 2, 30, '一般检查', '1.00', '次', '5.00', '1.00', '5.00', '体检类'),
(372, 233, 178, 2, 31, '碳14呼气试验检测', '1.00', '次', '150.00', '1.00', '150.00', '体检类'),
(373, 233, 178, 2, 32, '内科检查', '1.00', '次', '10.00', '1.00', '10.00', '体检类'),
(374, 233, 178, 2, 37, '甲状腺核磁', '1.00', '次', '680.00', '1.00', '680.00', '体检类'),
(375, 233, 178, 2, 38, '颈椎核磁', '1.00', '次', '680.00', '1.00', '680.00', '体检类'),
(376, 234, 179, 2, 22, '超声骨密度', '1.00', '次', '15.00', '1.00', '15.00', '体检类'),
(377, 234, 179, 2, 23, '耳鼻喉科一般检查', '1.00', '次', '10.00', '1.00', '10.00', '体检类'),
(378, 234, 179, 2, 29, '肺功能检测', '1.00', '次', '80.00', '1.00', '80.00', '体检类'),
(379, 234, 179, 2, 37, '甲状腺核磁', '1.00', '次', '680.00', '1.00', '680.00', '体检类'),
(380, 234, 179, 2, 38, '颈椎核磁', '1.00', '次', '680.00', '1.00', '680.00', '体检类'),
(381, 236, 180, 2, 22, '超声骨密度', '1.00', '次', '15.00', '1.00', '15.00', '体检类'),
(382, 236, 180, 2, 23, '耳鼻喉科一般检查', '1.00', '次', '10.00', '1.00', '10.00', '体检类'),
(383, 236, 180, 2, 24, '胸部透视', '1.00', '次', '20.00', '1.00', '20.00', '体检类'),
(384, 236, 180, 2, 25, '腹部彩超', '1.00', '次', '100.00', '1.00', '100.00', '体检类'),
(385, 236, 180, 2, 26, '外科检查', '1.00', '次', '10.00', '1.00', '10.00', '体检类'),
(386, 236, 180, 2, 31, '碳14呼气试验检测', '1.00', '次', '150.00', '1.00', '150.00', '体检类'),
(387, 236, 180, 2, 36, '头颅核磁', '1.00', '次', '680.00', '1.00', '680.00', '体检类'),
(388, 236, 180, 2, 39, '胸椎核磁', '1.00', '次', '680.00', '1.00', '680.00', '体检类'),
(389, 238, 181, 2, 23, '耳鼻喉科一般检查', '1.00', '次', '10.00', '1.00', '10.00', '体检类'),
(390, 238, 181, 2, 24, '胸部透视', '1.00', '次', '20.00', '1.00', '20.00', '体检类'),
(391, 238, 181, 2, 25, '腹部彩超', '1.00', '次', '100.00', '1.00', '100.00', '体检类'),
(392, 238, 181, 2, 32, '内科检查', '1.00', '次', '10.00', '1.00', '10.00', '体检类'),
(393, 238, 181, 2, 36, '头颅核磁', '1.00', '次', '680.00', '1.00', '680.00', '体检类'),
(394, 238, 181, 2, 39, '胸椎核磁', '1.00', '次', '680.00', '1.00', '680.00', '体检类');

-- --------------------------------------------------------

--
-- 表的结构 `dzm_his_care_paylog`
--

CREATE TABLE IF NOT EXISTS `dzm_his_care_paylog` (
  `id` int(10) unsigned NOT NULL AUTO_INCREMENT,
  `pkg_id` int(10) unsigned DEFAULT NULL COMMENT 'care_pkg.id',
  `platform_code` varchar(128) DEFAULT NULL COMMENT '支付平台交易单号',
  `payment_platform` smallint(5) unsigned DEFAULT '0' COMMENT '支付方式：0现金，1微信，2支付宝，3，4，5....',
  `pay_amount` decimal(10,2) DEFAULT '0.00' COMMENT '支付金额',
  `status` tinyint(1) unsigned DEFAULT '0' COMMENT '状态，0未支付，1已支付',
  `addtime` int(10) unsigned DEFAULT '0' COMMENT '添加时间',
  PRIMARY KEY (`id`),
  KEY `pkg_id` (`pkg_id`) USING BTREE,
  KEY `platform_code` (`platform_code`) USING BTREE,
  KEY `status` (`status`) USING BTREE
) ENGINE=InnoDB  DEFAULT CHARSET=utf8 COMMENT='支付收费记录' AUTO_INCREMENT=185 ;

--
-- 转存表中的数据 `dzm_his_care_paylog`
--

INSERT INTO `dzm_his_care_paylog` (`id`, `pkg_id`, `platform_code`, `payment_platform`, `pay_amount`, `status`, `addtime`) VALUES
(49, 79, '现金', 0, '5.00', 1, 1564203571),
(50, 80, '现金', 0, '45.00', 1, 1564203675),
(51, 81, '现金', 0, '17.47', 1, 1564208812),
(52, 82, '现金', 0, '17.47', 1, 1564208894),
(53, 83, '现金', 0, '5.00', 1, 1564209455),
(54, 84, '现金', 0, '5.00', 1, 1564209761),
(55, 85, '现金', 0, '10.00', 1, 1564211778),
(56, 86, '现金', 0, '10.00', 1, 1564211808),
(57, 87, '现金', 0, '403.20', 1, 1564212187),
(58, 88, '现金', 0, '240.00', 1, 1564212875),
(59, 89, '现金', 0, '83.72', 1, 1564213948),
(60, 90, '现金', 0, '10.00', 1, 1564214302),
(61, 91, '现金', 0, '5.00', 1, 1564214319),
(62, 92, '现金', 0, '24.00', 1, 1564214818),
(63, 93, '现金', 0, '311.82', 1, 1564215150),
(64, 94, '现金', 0, '108.80', 1, 1564215190),
(65, 95, '现金', 0, '10.00', 1, 1564363587),
(66, 96, '现金', 0, '136.19', 1, 1564363656),
(67, 97, '现金', 0, '34.70', 1, 1564365954),
(68, 98, '现金', 0, '5.00', 1, 1564366812),
(69, 99, '现金', 0, '10.00', 1, 1564367343),
(70, 100, '现金', 0, '109.82', 1, 1564367707),
(71, 101, '现金', 0, '56.12', 1, 1564367739),
(72, 102, '现金', 0, '17.04', 1, 1564367795),
(73, 103, '现金', 0, '40.27', 1, 1564367834),
(74, 104, '现金', 0, '12.00', 1, 1564368634),
(75, 105, '现金', 0, '12.00', 1, 1564368646),
(76, 106, '现金', 0, '12.00', 1, 1564368658),
(77, 107, '现金', 0, '22.40', 1, 1564369315),
(78, 108, '现金', 0, '10.00', 1, 1564371067),
(79, 109, '现金', 0, '459.12', 1, 1564371419),
(80, 110, '现金', 0, '10.00', 1, 1564380816),
(81, 111, '现金', 0, '5.00', 1, 1564380878),
(82, 112, '现金', 0, '5.00', 1, 1564380898),
(83, 113, '现金', 0, '6.38', 1, 1564381004),
(84, 114, '现金', 0, '11.85', 1, 1564381079),
(85, 115, '现金', 0, '33.60', 1, 1564381198),
(86, 116, '现金', 0, '215.16', 1, 1564381501),
(87, 119, '现金', 0, '39.50', 1, 1564385304),
(88, 120, '现金', 0, '23.70', 1, 1564385598),
(89, 121, '现金', 0, '67.56', 1, 1564386638),
(90, 122, '现金', 0, '193.50', 1, 1564388024),
(91, 123, '现金', 0, '129.00', 1, 1564388044),
(92, 123, '现金', 0, '129.00', 1, 1564388044),
(93, 124, '现金', 0, '129.49', 1, 1564389774),
(94, 125, '现金', 0, '11.26', 1, 1564391171),
(95, 127, '现金', 0, '64.00', 1, 1564452488),
(96, 128, '现金', 0, '64.00', 1, 1564452526),
(97, 129, '现金', 0, '64.00', 1, 1564452551),
(98, 130, '现金', 0, '172.49', 1, 1564452675),
(99, 131, '现金', 0, '63.64', 1, 1564452733),
(100, 132, '现金', 0, '152.54', 1, 1564452964),
(101, 133, '现金', 0, '5.63', 1, 1564453380),
(102, 134, '现金', 0, '44.86', 1, 1564453954),
(103, 135, '现金', 0, '5.00', 1, 1564454034),
(104, 136, '现金', 0, '5.00', 1, 1564454046),
(105, 137, '现金', 0, '5.00', 1, 1564454063),
(106, 138, '现金', 0, '5.00', 1, 1564454078),
(107, 139, '现金', 0, '9.89', 1, 1564454138),
(108, 140, '现金', 0, '9.58', 1, 1564454183),
(109, 141, '现金', 0, '98.90', 1, 1564454226),
(110, 142, '现金', 0, '28.39', 1, 1564455498),
(111, 143, '现金', 0, '5.00', 1, 1564539267),
(112, 144, '现金', 0, '54.60', 1, 1565161323),
(113, 146, '现金', 0, '2.00', 1, 1565249056),
(114, 147, '现金', 0, '111.13', 1, 1565249410),
(115, 149, '现金', 0, '44.35', 1, 1565251914),
(116, 151, '现金', 0, '146.00', 1, 1565430236),
(117, 152, '现金', 0, '3.00', 1, 1565430576),
(118, 153, '现金', 0, '2.00', 1, 1565430821),
(119, 156, '现金', 0, '2.00', 1, 1565433941),
(120, 154, '现金', 0, '22.47', 1, 1565690404),
(121, 158, '现金', 0, '4.54', 1, 1565690410),
(122, 155, '现金', 0, '24.13', 1, 1565690417),
(123, 159, '现金', 0, '2.00', 1, 1565696448),
(124, 160, '现金', 0, '2.00', 1, 1565709873),
(125, 161, '现金', 0, '2.00', 1, 1565709910),
(126, 165, '现金', 0, '109.20', 1, 1565747948),
(127, 167, '现金', 0, '2.00', 1, 1565748050),
(128, 168, '现金', 0, '2.00', 1, 1565748618),
(129, 169, '现金', 0, '109.20', 1, 1565748670),
(130, 170, '现金', 0, '2.00', 1, 1565749174),
(131, 171, '现金', 0, '36.80', 1, 1565749251),
(132, 172, '现金', 0, '3.00', 1, 1379691455),
(133, 173, '现金', 0, '3.00', 1, 1379691484),
(134, 174, '现金', 0, '155.80', 1, 1379691556),
(135, 175, '现金', 0, '2.00', 1, 1379691626),
(136, 176, '现金', 0, '2.00', 1, 1565918502),
(137, 177, '现金', 0, '21.88', 1, 1565921177),
(138, 179, '现金', 0, '1.00', 1, 1565956281),
(139, 181, '现金', 0, '1.00', 1, 1565956806),
(140, 183, '现金', 0, '1.00', 1, 1565959027),
(141, 185, '现金', 0, '1.00', 1, 1565959176),
(142, 191, '现金', 0, '1.00', 1, 1565963426),
(143, 195, '现金', 0, '1.00', 1, 1566264019),
(144, 199, '现金', 0, '21.94', 1, 1566264356),
(145, 200, '现金', 0, '1.00', 1, 1566264522),
(146, 201, '现金', 0, '67.19', 1, 1566264606),
(147, 186, '现金', 0, '124.54', 1, 1566264807),
(148, 182, '现金', 0, '36.80', 1, 1566264811),
(149, 190, '现金', 0, '1.00', 1, 1566264913),
(150, 202, '现金', 0, '1.00', 1, 1566269992),
(151, 203, '现金', 0, '100.00', 1, 1566270290),
(152, 204, '现金', 0, '1.00', 1, 1566272421),
(153, 205, '现金', 0, '590.00', 1, 1566272481),
(154, 206, '现金', 0, '1.00', 1, 1566348301),
(155, 207, '现金', 0, '590.00', 1, 1566348374),
(156, 208, '现金', 0, '150.00', 1, 1566348477),
(157, 209, '现金', 0, '570.00', 1, 1566348854),
(158, 210, '现金', 0, '1.00', 1, 1566349034),
(159, 212, '现金', 0, '104.14', 1, 1566349125),
(160, 213, '现金', 0, '1.00', 1, 1566352225),
(161, 215, '现金', 0, '1.00', 1, 1566352775),
(162, 216, '现金', 0, '120.00', 1, 1566352813),
(163, 217, '现金', 0, '1.00', 1, 1566441539),
(164, 218, '现金', 0, '2398.00', 1, 1566441577),
(165, 219, '现金', 0, '320.00', 1, 1566441640),
(166, 220, '现金', 0, '570.00', 1, 1566441746),
(167, 221, '现金', 0, '1.00', 1, 1566604155),
(168, 222, '现金', 0, '590.00', 1, 1566604185),
(169, 223, '现金', 0, '1.00', 1, 1566604488),
(170, 224, '现金', 0, '1930.00', 1, 1566604530),
(171, 225, '现金', 0, '1.00', 1, 1566604695),
(172, 226, '现金', 0, '980.00', 1, 1566604740),
(173, 227, '现金', 0, '1.00', 1, 1567216436),
(174, 228, '现金', 0, '1140.00', 1, 1567216477),
(175, 229, '现金', 0, '2180.00', 1, 1567216581),
(176, 230, '现金', 0, '1510.00', 1, 1567216664),
(177, 231, '现金', 0, '980.00', 1, 1567216849),
(178, 232, '现金', 0, '1920.00', 1, 1567216939),
(179, 233, '现金', 0, '1820.00', 1, 1567478711),
(180, 234, '现金', 0, '1465.00', 1, 1567478794),
(181, 235, '现金', 0, '1.00', 1, 1567560141),
(182, 236, '现金', 0, '1665.00', 1, 1567560178),
(183, 237, '现金', 0, '1.00', 1, 1567565644),
(184, 238, '现金', 0, '1500.00', 1, 1567565681);

-- --------------------------------------------------------

--
-- 表的结构 `dzm_his_care_pkg`
--

CREATE TABLE IF NOT EXISTS `dzm_his_care_pkg` (
  `id` int(10) unsigned NOT NULL AUTO_INCREMENT,
  `hospital_id` int(10) unsigned DEFAULT '0',
  `doctor_id` int(10) unsigned DEFAULT '0',
  `patient_id` int(10) unsigned DEFAULT '0',
  `care_history_id` int(10) unsigned DEFAULT '0',
  `registration_id` int(10) unsigned DEFAULT '0' COMMENT '挂号ID',
  `order_code` varchar(64) DEFAULT NULL COMMENT '商户订单号',
  `amount` decimal(10,2) DEFAULT '0.00' COMMENT '应付金额',
  `ol_pay_part` decimal(10,2) DEFAULT '0.00' COMMENT '在线支付部分',
  `type_id` tinyint(1) unsigned DEFAULT '0' COMMENT '收费类型：0就诊处，1挂号处，2问答，3...',
  `status` tinyint(1) unsigned DEFAULT '0' COMMENT '状态:0未支付，1已支付，2确认收款，3申请退款，4已退款,5部分支付,6完成交易（如：已发药），7部分退款',
  `addtime` int(10) unsigned DEFAULT '0' COMMENT '插入时间',
  `op_place` tinyint(1) unsigned DEFAULT '0' COMMENT '操作地点：1售药，2查检项目，3附加费用，4挂号，，，，',
  PRIMARY KEY (`id`),
  UNIQUE KEY `order_code` (`order_code`) USING BTREE,
  KEY `hospital_id` (`hospital_id`) USING BTREE,
  KEY `doctor_id` (`doctor_id`) USING BTREE,
  KEY `patient_id` (`patient_id`) USING BTREE,
  KEY `care_history_id` (`care_history_id`) USING BTREE,
  KEY `status` (`status`) USING BTREE,
  KEY `type_id` (`type_id`) USING BTREE,
  KEY `addtime` (`addtime`) USING BTREE,
  KEY `op_place` (`op_place`),
  KEY `registration_id` (`registration_id`)
) ENGINE=InnoDB  DEFAULT CHARSET=utf8 COMMENT='收费总表' AUTO_INCREMENT=239 ;

--
-- 转存表中的数据 `dzm_his_care_pkg`
--

INSERT INTO `dzm_his_care_pkg` (`id`, `hospital_id`, `doctor_id`, `patient_id`, `care_history_id`, `registration_id`, `order_code`, `amount`, `ol_pay_part`, `type_id`, `status`, `addtime`, `op_place`) VALUES
(79, 1, 1, 5, 0, 39, '201907270000100001491', '5.00', '0.00', 1, 4, 1564203569, 4),
(80, 1, 1, 5, 41, 0, '201907271301130310310370', '45.00', '0.00', 0, 6, 1564203673, 0),
(81, 1, 1, 5, 42, 0, '201907271426490310310355', '17.47', '0.00', 0, 6, 1564208809, 0),
(82, 1, 1, 5, 43, 0, '201907271428090310310324', '17.47', '0.00', 0, 4, 1564208888, 0),
(83, 1, 1, 6, 0, 40, '201907270000100040550', '5.00', '0.00', 1, 4, 1564209449, 4),
(84, 1, 7, 5, 0, 41, '201907270000100041168', '5.00', '0.00', 1, 1, 1564209758, 4),
(85, 1, 1, 6, 0, 42, '201907270000100042686', '10.00', '0.00', 1, 1, 1564211775, 4),
(86, 1, 1, 5, 0, 43, '201907270000100043486', '10.00', '0.00', 1, 1, 1564211806, 4),
(87, 1, 7, 5, 44, 41, '201907271523040310370337', '403.20', '0.00', 0, 1, 1564212184, 0),
(88, 1, 7, 6, 45, 0, '201907271531180310370372', '240.00', '0.00', 0, 6, 1564212678, 0),
(89, 1, 1, 6, 46, 0, '201907271552260310310398', '83.72', '0.00', 0, 1, 1564213945, 0),
(90, 1, 1, 6, 0, 44, '201907270000100044136', '10.00', '0.00', 1, 1, 1564214298, 4),
(91, 1, 1, 5, 0, 45, '201907270000100045786', '5.00', '0.00', 1, 1, 1564214317, 4),
(92, 1, 1, 5, 47, 0, '201907271606570310310350', '24.00', '0.00', 0, 6, 1564214816, 0),
(93, 1, 1, 5, 48, 0, '201907271612290310310380', '311.82', '0.00', 0, 6, 1564215148, 0),
(94, 1, 1, 6, 49, 0, '201907271613080310310367', '108.80', '0.00', 0, 6, 1564215188, 0),
(95, 1, 1, 6, 0, 46, '201907290000100046465', '10.00', '0.00', 1, 1, 1564363585, 4),
(96, 1, 1, 6, 50, 0, '201907290927330310310343', '136.19', '0.00', 0, 6, 1564363653, 0),
(97, 1, 1, 5, 51, 0, '201907291005290310310315', '34.70', '0.00', 0, 6, 1564365929, 0),
(98, 1, 1, 7, 0, 47, '201907290000100047601', '5.00', '0.00', 1, 1, 1564366809, 4),
(99, 1, 1, 8, 0, 48, '201907290000100048954', '10.00', '0.00', 1, 1, 1564367339, 4),
(100, 1, 1, 8, 52, 0, '201907291035050310310330', '109.82', '0.00', 0, 4, 1564367705, 0),
(101, 1, 1, 7, 53, 0, '201907291035370310310376', '56.12', '0.00', 0, 6, 1564367737, 0),
(102, 1, 1, 6, 54, 0, '201907291036330310310394', '17.04', '0.00', 0, 4, 1564367792, 0),
(103, 1, 1, 7, 55, 0, '201907291037120310310366', '40.27', '0.00', 0, 4, 1564367831, 0),
(104, 1, 1, 8, 0, 49, '201907290000100049927', '12.00', '0.00', 1, 4, 1564368631, 4),
(105, 1, 1, 7, 0, 50, '201907290000100050945', '12.00', '0.00', 1, 1, 1564368644, 4),
(106, 1, 1, 6, 0, 51, '201907290000100051306', '12.00', '0.00', 1, 1, 1564368656, 4),
(107, 1, 9, 7, 56, 50, '201907291101530310390340', '22.40', '0.00', 0, 6, 1564369313, 0),
(108, 1, 8, 8, 0, 52, '201907290000100052873', '10.00', '0.00', 1, 1, 1564371065, 4),
(109, 1, 8, 8, 57, 0, '201907291136560310380393', '459.12', '0.00', 0, 6, 1564371416, 0),
(110, 1, 8, 5, 0, 53, '201907290000100053653', '10.00', '0.00', 1, 4, 1564380814, 4),
(111, 1, 8, 8, 0, 54, '201907290000100054418', '5.00', '0.00', 1, 1, 1564380866, 4),
(112, 1, 8, 6, 0, 55, '201907290000100055269', '5.00', '0.00', 1, 1, 1564380894, 4),
(113, 1, 8, 7, 58, 0, '201907291416420310380393', '6.38', '0.00', 0, 6, 1564381002, 0),
(114, 1, 8, 6, 59, 0, '201907291417530310380387', '11.85', '0.00', 0, 1, 1564381073, 0),
(115, 1, 8, 7, 60, 0, '201907291419550310380399', '33.60', '0.00', 0, 6, 1564381195, 0),
(116, 1, 8, 5, 61, 0, '201907291424550310380320', '215.16', '0.00', 0, 6, 1564381495, 0),
(117, 1, 1, 9, 62, 0, '201907291503330310310391', '0.00', '0.00', 0, 6, 1564383813, 0),
(118, 1, 1, 6, 63, 55, '201907291507540310310334', '0.00', '0.00', 0, 6, 1564384074, 0),
(119, 1, 8, 9, 64, 0, '201907291528220310380384', '39.50', '0.00', 0, 6, 1564385302, 0),
(120, 1, 8, 7, 65, 0, '201907291533040310380369', '23.70', '0.00', 0, 6, 1564385584, 0),
(121, 1, 8, 8, 66, 0, '201907291550360310380329', '67.56', '0.00', 0, 4, 1564386636, 0),
(122, 1, 8, 9, 67, 0, '201907291556120310380356', '193.50', '0.00', 0, 6, 1564386972, 0),
(123, 1, 8, 6, 68, 0, '201907291606370310380394', '129.00', '0.00', 0, 4, 1564387597, 0),
(124, 1, 8, 9, 69, 0, '201907291642520310380331', '129.49', '0.00', 0, 6, 1564389772, 0),
(125, 1, 8, 7, 70, 0, '201907291706090310380375', '11.26', '0.00', 0, 6, 1564391169, 0),
(126, 1, 1, 7, 71, 47, '201907291710030310310352', '0.00', '0.00', 0, 6, 1564391403, 0),
(127, 1, 8, 9, 0, 56, '201907300000100056438', '64.00', '0.00', 1, 1, 1564452486, 4),
(128, 1, 8, 5, 0, 57, '201907300000100057884', '64.00', '0.00', 1, 1, 1564452524, 4),
(129, 1, 8, 7, 0, 58, '201907300000100058405', '64.00', '0.00', 1, 1, 1564452547, 4),
(130, 1, 8, 8, 72, 0, '201907301011100310380335', '172.49', '0.00', 0, 6, 1564452670, 0),
(131, 1, 8, 6, 73, 0, '201907301012100310380342', '63.64', '0.00', 0, 6, 1564452730, 0),
(132, 1, 8, 5, 74, 0, '201907301016020310380360', '152.54', '0.00', 0, 6, 1564452962, 0),
(133, 1, 8, 8, 75, 0, '201907301022580310380351', '5.63', '0.00', 0, 6, 1564453378, 0),
(134, 1, 8, 6, 76, 0, '201907301032320310380349', '44.86', '0.00', 0, 4, 1564453951, 0),
(135, 1, 8, 7, 0, 59, '201907300000100059357', '5.00', '0.00', 1, 1, 1564454032, 4),
(136, 1, 8, 6, 0, 60, '201907300000100060901', '5.00', '0.00', 1, 1, 1564454044, 4),
(137, 1, 8, 9, 0, 61, '201907300000100061364', '5.00', '0.00', 1, 4, 1564454061, 4),
(138, 1, 8, 7, 0, 62, '201907300000100062177', '5.00', '0.00', 1, 1, 1564454073, 4),
(139, 1, 9, 6, 77, 51, '201907301035360310390352', '9.89', '0.00', 0, 6, 1564454136, 0),
(140, 1, 9, 5, 78, 57, '201907301036210310390343', '9.58', '0.00', 0, 6, 1564454181, 0),
(141, 1, 9, 7, 79, 59, '201907301037040310390377', '98.90', '0.00', 0, 4, 1564454224, 0),
(142, 1, 1, 5, 80, 0, '201907301058160310310367', '28.39', '0.00', 0, 6, 1564455432, 0),
(143, 1, 1, 10, 0, 0, '201907310000100063575', '5.00', '0.00', 1, 1, 1564539260, 4),
(144, 1, 1, 9, 81, 0, '201908071501490310310353', '54.60', '0.00', 0, 1, 1565161309, 0),
(145, 1, 1, 9, 82, 0, '201908091542470310310337', '4.54', '0.00', 0, 0, 1565165560, 0),
(146, 1, 1, 11, 0, 64, '201908080000100064541', '2.00', '0.00', 1, 1, 1565249053, 4),
(147, 1, 1, 11, 83, 64, '201908081528580310310326', '111.13', '0.00', 0, 6, 1565249338, 0),
(148, 1, 1, 7, 84, 0, '201908091541340310310395', '0.00', '0.00', 0, 6, 1565250091, 0),
(149, 1, 1, 8, 85, 0, '201908081611430310310330', '44.35', '0.00', 0, 6, 1565251903, 0),
(150, 1, 1, 11, 86, 0, '201908091541490310310348', '0.00', '0.00', 0, 6, 1565334238, 0),
(151, 1, 1, 9, 87, 0, '201908101743490310310350', '146.00', '0.00', 0, 6, 1565430229, 0),
(152, 1, 1, 11, 0, 65, '201908100000100065380', '3.00', '0.00', 1, 1, 1565430545, 4),
(153, 1, 1, 10, 0, 66, '201908100000100066925', '2.00', '0.00', 1, 1, 1565430818, 4),
(154, 1, 1, 10, 88, 0, '201908101802290310310357', '22.47', '0.00', 0, 1, 1565430852, 0),
(155, 1, 1, 11, 89, 65, '201908101803170310310329', '24.13', '0.00', 0, 6, 1565431397, 0),
(156, 1, 1, 11, 0, 67, '201908100000100067176', '2.00', '0.00', 1, 1, 1565433940, 4),
(157, 1, 13, 11, 90, 67, '2019081018460603103130349', '22.47', '0.00', 0, 0, 1565433966, 0),
(158, 1, 1, 9, 91, 0, '201908111652470310310322', '4.54', '0.00', 0, 1, 1565513567, 0),
(159, 1, 1, 11, 0, 68, '201908130000100068635', '2.00', '0.00', 1, 1, 1565696446, 4),
(160, 1, 1, 10, 0, 69, '201908130000100069981', '2.00', '0.00', 1, 1, 1565696751, 4),
(161, 1, 1, 8, 0, 70, '201908130000100070136', '2.00', '0.00', 1, 1, 1565709908, 4),
(162, 1, 12, 8, 92, 0, '2019081323441303103120395', '4.54', '0.00', 0, 0, 1565710995, 0),
(163, 1, 1, 11, 93, 0, '201908140947130310310322', '4.54', '0.00', 0, 0, 1565747233, 0),
(164, 1, 1, 11, 94, 0, '201908140952020310310355', '0.00', '0.00', 0, 6, 1565747522, 0),
(165, 1, 1, 11, 95, 0, '201908140959000310310387', '109.20', '0.00', 0, 1, 1565747940, 0),
(166, 1, 1, 10, 96, 69, '201908141000210310310335', '36.80', '0.00', 0, 0, 1565748021, 0),
(167, 1, 1, 11, 0, 71, '201908140000100071936', '2.00', '0.00', 1, 1, 1565748048, 4),
(168, 1, 1, 11, 0, 72, '201908140000100072284', '2.00', '0.00', 1, 1, 1565748607, 4),
(169, 1, 1, 11, 97, 72, '201908141010460310310383', '109.20', '0.00', 0, 6, 1565748646, 0),
(170, 1, 1, 12, 0, 73, '201908140000100073301', '2.00', '0.00', 1, 1, 1565749169, 4),
(171, 1, 1, 12, 98, 73, '201908141020220310310346', '36.80', '0.00', 0, 1, 1565749222, 0),
(172, 1, 1, 11, 0, 74, '201309200000100074789', '3.00', '0.00', 1, 1, 1379691447, 4),
(173, 1, 1, 11, 0, 75, '201309200000100075908', '3.00', '0.00', 1, 1, 1379691481, 4),
(174, 1, 1, 11, 99, 75, '201309202339070310310328', '155.80', '0.00', 0, 1, 1379691547, 0),
(175, 1, 1, 12, 0, 76, '201309200000100076259', '2.00', '0.00', 1, 1, 1379691620, 4),
(176, 1, 1, 13, 0, 77, '201908160000100077212', '2.00', '0.00', 1, 1, 1565918428, 4),
(177, 1, 1, 13, 100, 77, '201908161005520310310322', '21.88', '0.00', 0, 1, 1565921152, 0),
(178, 1, 1, 13, 0, 78, '201908160000100078599', '2.00', '0.00', 1, 0, 1565955645, 4),
(179, 1, 1, 13, 0, 79, '20190816000010007984', '1.00', '0.00', 1, 1, 1565956279, 4),
(180, 1, 11, 13, 101, 79, '2019081619551903103110320', '113.74', '0.00', 0, 0, 1565956518, 0),
(181, 1, 1, 13, 0, 80, '201908160000100080370', '1.00', '0.00', 1, 1, 1565956804, 4),
(182, 1, 1, 13, 102, 80, '201908162003350310310348', '36.80', '0.00', 0, 1, 1565957015, 0),
(183, 1, 1, 14, 0, 81, '201908160000100081833', '1.00', '0.00', 1, 1, 1565959024, 4),
(184, 1, 1, 15, 0, 82, '201908160000100082659', '1.00', '0.00', 1, 0, 1565959123, 4),
(185, 1, 1, 16, 0, 83, '201908160000100083448', '1.00', '0.00', 1, 1, 1565959167, 4),
(186, 1, 1, 16, 103, 83, '201908162040290310310360', '124.54', '0.00', 0, 1, 1565959229, 0),
(187, 1, 1, 15, 0, 84, '201908160000100084678', '1.00', '0.00', 1, 0, 1565963101, 4),
(188, 1, 1, 13, 0, 85, '201908160000100085229', '1.00', '0.00', 1, 0, 1565963122, 4),
(189, 1, 1, 9, 0, 86, '201908160000100086458', '1.00', '0.00', 1, 0, 1565963315, 4),
(190, 1, 1, 15, 0, 87, '20190816000010008770', '1.00', '0.00', 1, 1, 1565963387, 4),
(191, 1, 1, 12, 0, 88, '201908160000100088843', '1.00', '0.00', 1, 1, 1565963421, 4),
(192, 1, 1, 12, 0, 89, '201908170000100089988', '0.00', '0.00', 1, 1, 1566006087, 4),
(193, 1, 1, 14, 0, 90, '201908170000100090764', '0.00', '0.00', 1, 1, 1566006656, 4),
(194, 1, 1, 16, 0, 91, '201908170000100091747', '0.00', '0.00', 1, 1, 1566007133, 4),
(195, 1, 1, 17, 0, 92, '201908200000100092402', '1.00', '0.00', 1, 1, 1566264003, 4),
(196, 1, 1, 17, 104, 92, '201908200921220310310323', '0.00', '0.00', 0, 6, 1566264082, 0),
(197, 1, 1, 17, 105, 92, '201908200921250310310393', '0.00', '0.00', 0, 6, 1566264085, 0),
(198, 1, 1, 12, 106, 89, '201908200922380310310391', '0.00', '0.00', 0, 6, 1566264158, 0),
(199, 1, 1, 18, 107, 0, '201908200925250310310368', '21.94', '0.00', 0, 1, 1566264325, 0),
(200, 1, 1, 19, 0, 93, '201908200000100093732', '1.00', '0.00', 1, 1, 1566264519, 4),
(201, 1, 1, 19, 108, 93, '201908200929450310310310', '67.19', '0.00', 0, 1, 1566264585, 0),
(202, 1, 1, 20, 0, 94, '201908200000100094811', '1.00', '0.00', 1, 1, 1566269990, 4),
(203, 1, 1, 20, 109, 94, '201908201104300310310384', '100.00', '0.00', 0, 1, 1566270270, 0),
(204, 1, 1, 21, 0, 95, '201908200000100095929', '1.00', '0.00', 1, 1, 1566272419, 4),
(205, 1, 1, 21, 110, 95, '201908201141060310310314', '590.00', '0.00', 0, 1, 1566272466, 0),
(206, 1, 1, 22, 0, 96, '201908210000100096672', '1.00', '0.00', 1, 1, 1566348294, 4),
(207, 1, 1, 22, 111, 96, '201908210846000310310366', '590.00', '0.00', 0, 1, 1566348360, 0),
(208, 1, 1, 23, 112, 0, '201908210847410310310342', '150.00', '0.00', 0, 1, 1566348461, 0),
(209, 1, 21, 24, 113, 0, '2019082108540403103210337', '570.00', '0.00', 0, 1, 1566348844, 0),
(210, 1, 21, 25, 0, 97, '201908210000100097581', '1.00', '0.00', 1, 1, 1566349033, 4),
(211, 1, 1, 25, 114, 97, '201908210858220310310347', '0.00', '0.00', 0, 6, 1566349102, 0),
(212, 1, 1, 25, 115, 97, '201908210858380310310330', '104.14', '0.00', 0, 1, 1566349118, 0),
(213, 1, 21, 26, 0, 98, '201908210000100098764', '1.00', '0.00', 1, 1, 1566352223, 4),
(214, 1, 16, 26, 116, 98, '2019082109532403103160367', '0.00', '0.00', 0, 6, 1566352404, 0),
(215, 1, 1, 27, 0, 99, '201908210000100099350', '1.00', '0.00', 1, 1, 1566352774, 4),
(216, 1, 21, 27, 117, 99, '2019082110000703103210369', '120.00', '0.00', 0, 1, 1566352807, 0),
(217, 1, 21, 28, 0, 100, '20190822000010010079', '1.00', '0.00', 1, 1, 1566441538, 4),
(218, 1, 21, 28, 118, 100, '2019082210393003103210356', '2398.00', '0.00', 0, 1, 1566441570, 0),
(219, 1, 21, 29, 119, 0, '2019082210403503103210353', '320.00', '0.00', 0, 1, 1566441635, 0),
(220, 1, 21, 30, 120, 0, '2019082210422203103210344', '570.00', '0.00', 0, 1, 1566441742, 0),
(221, 1, 1, 31, 0, 101, '201908240000100101340', '1.00', '0.00', 1, 1, 1566604153, 4),
(222, 1, 1, 31, 121, 101, '201908240749390310310392', '590.00', '0.00', 0, 1, 1566604179, 0),
(223, 1, 1, 32, 0, 102, '201908240000100102377', '1.00', '0.00', 1, 1, 1566604487, 4),
(224, 1, 1, 32, 122, 102, '201908240755250310310329', '1930.00', '0.00', 0, 1, 1566604525, 0),
(225, 1, 1, 33, 0, 103, '201908240000100103214', '1.00', '0.00', 1, 1, 1566604693, 4),
(226, 1, 1, 33, 123, 103, '201908240758560310310327', '980.00', '0.00', 0, 1, 1566604736, 0),
(227, 1, 1, 34, 0, 104, '20190831000010010484', '1.00', '0.00', 1, 1, 1567216434, 4),
(228, 1, 1, 34, 124, 104, '201908310954310310310376', '1140.00', '0.00', 0, 1, 1567216471, 0),
(229, 1, 1, 35, 125, 0, '201908310956150310310341', '2180.00', '0.00', 0, 1, 1567216575, 0),
(230, 1, 1, 36, 126, 0, '201908310957300310310319', '1510.00', '0.00', 0, 1, 1567216650, 0),
(231, 1, 1, 37, 127, 0, '201908311000400310310311', '980.00', '0.00', 0, 1, 1567216840, 0),
(232, 1, 1, 38, 128, 0, '201908311002080310310310', '1920.00', '0.00', 0, 1, 1567216928, 0),
(233, 1, 1, 39, 129, 0, '201909031045070310310321', '1820.00', '0.00', 0, 1, 1567478707, 0),
(234, 1, 1, 40, 130, 0, '201909031046280310310376', '1465.00', '0.00', 0, 1, 1567478788, 0),
(235, 1, 1, 41, 0, 105, '201909040000100105777', '1.00', '0.00', 1, 1, 1567560138, 4),
(236, 1, 1, 41, 131, 105, '201909040922530310310390', '1665.00', '0.00', 0, 1, 1567560173, 0),
(237, 1, 1, 42, 0, 106, '201909040000100106615', '1.00', '0.00', 1, 1, 1567565643, 4),
(238, 1, 1, 42, 132, 106, '201909041054340310310342', '1500.00', '0.00', 0, 1, 1567565674, 0);

-- --------------------------------------------------------

--
-- 表的结构 `dzm_his_care_refundlog`
--

CREATE TABLE IF NOT EXISTS `dzm_his_care_refundlog` (
  `id` int(10) unsigned NOT NULL AUTO_INCREMENT,
  `pkg_id` int(10) unsigned DEFAULT NULL COMMENT 'care_pkg.id',
  `order_id` int(10) unsigned DEFAULT '0' COMMENT 'his_care_order.id',
  `platform_code` varchar(128) DEFAULT NULL COMMENT '支付平台交易单号',
  `payment_platform` smallint(5) unsigned DEFAULT '0' COMMENT '支付方式：0现金，1微信，2支付宝，3，4，5....',
  `refund_amount` decimal(10,2) DEFAULT '0.00' COMMENT '支付金额',
  `status` tinyint(1) unsigned DEFAULT '0' COMMENT '状态，0失败，1成功',
  `addtime` timestamp NULL DEFAULT CURRENT_TIMESTAMP COMMENT '添加时间',
  `adm_uid` int(10) unsigned DEFAULT '0' COMMENT '处理人id',
  `adm_ip` varchar(32) DEFAULT NULL COMMENT '处理人ip',
  `adm_memo` varchar(255) DEFAULT NULL COMMENT '备注',
  PRIMARY KEY (`id`),
  KEY `pkg_id` (`pkg_id`) USING BTREE,
  KEY `platform_code` (`platform_code`) USING BTREE,
  KEY `status` (`status`) USING BTREE,
  KEY `adm_uid` (`adm_uid`)
) ENGINE=InnoDB  DEFAULT CHARSET=utf8 COMMENT='退款记录' AUTO_INCREMENT=16 ;

--
-- 转存表中的数据 `dzm_his_care_refundlog`
--

INSERT INTO `dzm_his_care_refundlog` (`id`, `pkg_id`, `order_id`, `platform_code`, `payment_platform`, `refund_amount`, `status`, `addtime`, `adm_uid`, `adm_ip`, `adm_memo`) VALUES
(3, 83, 0, '现金', 0, '5.00', 1, '2019-07-27 07:13:02', 1, '0.0.0.0', '啊师傅'),
(4, 82, 69, '现金', 0, '43.00', 1, '2019-07-27 07:16:56', 1, '0.0.0.0', 'rew'),
(5, 79, 0, '现金', 0, '5.00', 1, '2019-07-27 07:41:34', 1, '0.0.0.0', 'gjf '),
(6, 100, 79, '现金', 0, '109.82', 1, '2019-07-29 02:53:31', 9, '0.0.0.0', '发生过'),
(7, 103, 82, '现金', 0, '40.27', 1, '2019-07-29 03:38:47', 8, '0.0.0.0', '格式人工岛'),
(8, 102, 81, '现金', 0, '17.04', 1, '2019-07-29 03:53:43', 8, '0.0.0.0', 'fggcdf'),
(9, 110, 0, '现金', 0, '10.00', 1, '2019-07-29 06:15:06', 8, '0.0.0.0', 'ftgf'),
(10, 104, 0, '现金', 0, '12.00', 1, '2019-07-29 07:00:11', 1, '0.0.0.0', '退款'),
(11, 123, 97, '现金', 0, '129.00', 1, '2019-07-30 02:18:36', 8, '0.0.0.0', '撒旦'),
(12, 121, 95, '现金', 0, '67.56', 1, '2019-07-30 02:18:42', 8, '0.0.0.0', '阿斯顿'),
(13, 141, 108, '现金', 0, '98.90', 1, '2019-07-30 02:38:37', 9, '0.0.0.0', '阿三'),
(14, 137, 0, '现金', 0, '5.00', 1, '2019-07-30 07:24:07', 1, '0.0.0.0', '退款'),
(15, 134, 0, '现金', 0, '44.86', 1, '2019-07-31 02:22:05', 1, '113.70.145.26', '有误\n');

-- --------------------------------------------------------

--
-- 表的结构 `dzm_his_department`
--

CREATE TABLE IF NOT EXISTS `dzm_his_department` (
  `did` bigint(20) unsigned NOT NULL AUTO_INCREMENT COMMENT '科室id',
  `create_time` int(10) unsigned NOT NULL DEFAULT '0' COMMENT '创建时间',
  `update_time` int(10) unsigned NOT NULL DEFAULT '0' COMMENT '编辑时间',
  `department_name` varchar(50) NOT NULL COMMENT '科室名称',
  `department_number` varchar(50) NOT NULL COMMENT '科室编号',
  `hid` int(10) NOT NULL COMMENT '医院id',
  PRIMARY KEY (`did`),
  KEY `editdate` (`update_time`) USING BTREE,
  KEY `department_name` (`department_name`)
) ENGINE=InnoDB  DEFAULT CHARSET=utf8 COMMENT='科室表' AUTO_INCREMENT=17 ;

--
-- 转存表中的数据 `dzm_his_department`
--

INSERT INTO `dzm_his_department` (`did`, `create_time`, `update_time`, `department_name`, `department_number`, `hid`) VALUES
(10, 1379691213, 1566000132, '内科', 'V03', 1),
(11, 1565915283, 1566000123, '外科', 'V09', 1),
(12, 1565915316, 1566000116, '耳鼻喉', 'V10', 1),
(13, 1565915335, 1566000107, '心电图', 'V05', 1),
(14, 1565915351, 1566263219, '彩超', 'V13', 1),
(15, 1565915365, 1566000083, '妇科', 'V06', 1),
(16, 1566010579, 1566010599, '体检', 'V01', 1);

-- --------------------------------------------------------

--
-- 表的结构 `dzm_his_dictionary`
--

CREATE TABLE IF NOT EXISTS `dzm_his_dictionary` (
  `did` bigint(20) unsigned NOT NULL AUTO_INCREMENT COMMENT '字典字段id',
  `dictionary_name` varchar(50) NOT NULL DEFAULT '' COMMENT '字典名称',
  `parent_id` int(10) NOT NULL DEFAULT '0' COMMENT '父级id',
  `hid` int(10) NOT NULL DEFAULT '0' COMMENT '医院id',
  `type` tinyint(2) unsigned NOT NULL DEFAULT '0' COMMENT '类型  0：系统  1：自建',
  `create_time` int(10) unsigned NOT NULL DEFAULT '0' COMMENT '添加时间',
  `update_time` int(10) unsigned NOT NULL DEFAULT '0' COMMENT '编辑时间',
  `is_del` tinyint(2) NOT NULL DEFAULT '0' COMMENT '是否删除',
  PRIMARY KEY (`did`),
  KEY `parent_id` (`parent_id`),
  KEY `hid` (`hid`)
) ENGINE=InnoDB  DEFAULT CHARSET=utf8 COMMENT='字典表' AUTO_INCREMENT=34 ;

--
-- 转存表中的数据 `dzm_his_dictionary`
--

INSERT INTO `dzm_his_dictionary` (`did`, `dictionary_name`, `parent_id`, `hid`, `type`, `create_time`, `update_time`, `is_del`) VALUES
(1, '药品信息', 0, 0, 0, 1508983676, 0, 1),
(2, '处方信息', 0, 0, 0, 1508983676, 0, 0),
(3, '诊疗项目', 0, 0, 0, 1508983676, 0, 1),
(4, '人员信息', 0, 0, 0, 1508983676, 0, 0),
(5, '生产厂家', 1, 0, 0, 1508983676, 0, 0),
(6, '西药用法', 1, 0, 0, 1508983676, 0, 0),
(8, '发票项目', 1, 0, 0, 1508983676, 0, 0),
(9, '西药备注', 1, 0, 0, 1508983676, 0, 0),
(11, '药品分类', 1, 0, 0, 1508983676, 0, 1),
(12, '药品单位', 1, 0, 0, 1508983676, 0, 0),
(13, '药品剂型', 1, 0, 0, 1508983676, 0, 0),
(14, '诊断信息', 2, 0, 0, 1508983676, 0, 0),
(15, '医嘱信息', 2, 0, 0, 1508983676, 0, 0),
(16, '项目类型', 3, 0, 0, 1508983676, 0, 1),
(17, '项目单位', 3, 0, 0, 1508983676, 0, 0),
(18, '人员分类', 4, 0, 0, 1508983676, 0, 0),
(19, '中草药', 11, 0, 1, 1508983676, 0, 0),
(20, '中成药', 11, 0, 1, 1508983676, 0, 0),
(21, '化验类', 16, 1, 1, 1511948889, 1511948927, 0),
(22, '拍片类', 16, 1, 1, 1511948943, 0, 0),
(24, '处方类型', 1, 0, 0, 1563606234, 0, 1),
(25, '中药处方', 24, 1, 1, 1563606253, 0, 0),
(26, '西医处方', 24, 1, 1, 1563606262, 0, 0),
(27, '西成药', 11, 1, 1, 1564209661, 0, 0),
(28, '分装', 10, 1, 1, 1564215457, 0, 0),
(29, '先煎', 10, 1, 1, 1564215468, 0, 0),
(30, '药水搽拭', 7, 1, 1, 1564538266, 0, 0),
(31, '手术类', 16, 1, 1, 1565338430, 1565342998, 0),
(32, '体检类', 16, 1, 1, 1565921315, 1566001126, 0),
(33, '诊断类', 16, 1, 1, 1565958386, 0, 0);

-- --------------------------------------------------------

--
-- 表的结构 `dzm_his_doctor`
--

CREATE TABLE IF NOT EXISTS `dzm_his_doctor` (
  `id` int(11) unsigned NOT NULL AUTO_INCREMENT COMMENT '用户id',
  `true_name` varchar(20) NOT NULL DEFAULT '' COMMENT '用户个人资料真实姓名',
  `age` int(3) DEFAULT '0' COMMENT '年龄',
  `picture` varchar(255) DEFAULT '' COMMENT '头像',
  `sex` tinyint(1) NOT NULL DEFAULT '0' COMMENT '性别 0,空1:男  2:女',
  `background` tinyint(1) NOT NULL DEFAULT '0' COMMENT '学历 1：专科  2：本科  3：研究生  4：博士  5：博士后',
  `phone` varchar(11) NOT NULL DEFAULT '0' COMMENT '手机号',
  `mailbox` varchar(50) NOT NULL DEFAULT '' COMMENT '邮箱',
  `strong` varchar(255) NOT NULL DEFAULT '' COMMENT '擅长',
  `honor` varchar(255) NOT NULL DEFAULT '' COMMENT '荣誉',
  `introduction` text NOT NULL COMMENT '简介',
  `create_time` int(10) NOT NULL COMMENT '注册时间',
  `update_time` int(10) NOT NULL COMMENT '修改时间',
  `uid` int(11) NOT NULL COMMENT '用户表userid',
  PRIMARY KEY (`id`),
  KEY `uid` (`uid`) USING BTREE
) ENGINE=InnoDB  DEFAULT CHARSET=utf8mb4 COMMENT='医生基本信息表' AUTO_INCREMENT=21 ;

--
-- 转存表中的数据 `dzm_his_doctor`
--

INSERT INTO `dzm_his_doctor` (`id`, `true_name`, `age`, `picture`, `sex`, `background`, `phone`, `mailbox`, `strong`, `honor`, `introduction`, `create_time`, `update_time`, `uid`) VALUES
(5, '华佗', 40, '', 1, 0, '13549888888', '', '', '', '', 1564203064, 1565337926, 7),
(6, '李晓磊', 31, '', 2, 0, '13946652480', '', '', '', '', 1564209526, 1565337938, 8),
(7, '刘程程', 26, '', 2, 0, '13254682159', '', '', '', '', 1564209585, 1565747880, 9),
(8, '余建华', 25, '', 1, 0, '13566845270', '', '', '', '', 1564210967, 1565747838, 10),
(9, '王小红', 57, '', 2, 0, '13478945242', '', '', '', '', 1564384871, 1566016479, 11),
(10, '陈珍', 58, '', 2, 0, '15897445415', '', '', '', '', 1564470406, 1566010492, 12),
(11, '陈建新', 62, '', 1, 0, '13413520612', '', '', '', '', 1564537578, 1566010471, 13),
(12, '测试三', 12, '', 0, 0, '15625435453', '', '', '', '', 1379691169, 0, 14),
(13, '陈生', 52, '', 0, 0, '13652489815', '', '', '', '', 1565916588, 0, 15),
(14, '莦瑞香', 67, '', 2, 0, '13660567668', '', '', '', '', 1566262770, 1566262789, 16),
(15, '黄敏', 62, '', 2, 0, '13928938080', '', '', '', '', 1566262905, 1566262913, 17),
(16, '徐亦周', 65, '', 2, 0, '13509282382', '', '', '', '', 1566262985, 1566262994, 18),
(17, '王丽霞', 62, '', 2, 0, '13926488898', '', '', '', '', 1566263348, 1566263364, 19),
(18, '杨小慧', 58, '', 2, 0, '13332856016', '', '', '', '', 1566263454, 1566263459, 20),
(19, '林莉宇', 31, '', 2, 0, '13544571283', '', '', '', '', 1566272675, 1566349206, 21),
(20, '吕汉棠', 65, '', 1, 0, '13602229923', '', '', '', '', 1566347592, 1566347607, 22);

-- --------------------------------------------------------

--
-- 表的结构 `dzm_his_hospital`
--

CREATE TABLE IF NOT EXISTS `dzm_his_hospital` (
  `id` int(11) unsigned NOT NULL AUTO_INCREMENT COMMENT '用户id',
  `hospital_name` varchar(20) NOT NULL DEFAULT '' COMMENT '医院名称',
  `picture` varchar(255) DEFAULT '' COMMENT '头像',
  `create_time` int(10) NOT NULL DEFAULT '0' COMMENT '注册时间',
  `hospital_number` varchar(50) NOT NULL DEFAULT '' COMMENT '医院编号',
  `update_time` int(10) NOT NULL DEFAULT '0' COMMENT '修改时间',
  `hid` int(11) NOT NULL COMMENT '用户表userid',
  `address` varchar(255) NOT NULL DEFAULT '' COMMENT '医院地址',
  `owner_name` varchar(20) NOT NULL DEFAULT '' COMMENT '所有者姓名',
  `owner_mobile` varchar(11) NOT NULL DEFAULT '' COMMENT '所有者手机号',
  `owner_post` varchar(50) NOT NULL DEFAULT '' COMMENT '所属者职务',
  `major_field` varchar(255) NOT NULL DEFAULT '' COMMENT '专业方向',
  `introduction` varchar(255) NOT NULL DEFAULT '' COMMENT '诊所简介',
  PRIMARY KEY (`id`),
  KEY `uid` (`hid`) USING BTREE
) ENGINE=InnoDB  DEFAULT CHARSET=utf8mb4 COMMENT='HIS医院基本信息表' AUTO_INCREMENT=2 ;

--
-- 转存表中的数据 `dzm_his_hospital`
--

INSERT INTO `dzm_his_hospital` (`id`, `hospital_name`, `picture`, `create_time`, `hospital_number`, `update_time`, `hid`, `address`, `owner_name`, `owner_mobile`, `owner_post`, `major_field`, `introduction`) VALUES
(1, '门诊部', '', 1511947869, '', 1566010377, 1, '增城区百花路2号力源大夏3楼', '郑工', '', '', '门诊', '    门诊');

-- --------------------------------------------------------

--
-- 表的结构 `dzm_his_inspectionfee`
--

CREATE TABLE IF NOT EXISTS `dzm_his_inspectionfee` (
  `ins_id` int(11) unsigned NOT NULL AUTO_INCREMENT,
  `fee_id` int(11) NOT NULL COMMENT '检查项目自定义ID',
  `mid` int(10) NOT NULL DEFAULT '0' COMMENT '添加用户id',
  `hid` int(10) NOT NULL DEFAULT '0' COMMENT '医院id',
  `inspection_name` varchar(50) NOT NULL DEFAULT '' COMMENT '项目名称',
  `class` varchar(50) NOT NULL DEFAULT '' COMMENT '项目类别',
  `unit_price` decimal(10,2) NOT NULL DEFAULT '0.00' COMMENT '项目单价',
  `cost` decimal(10,2) NOT NULL DEFAULT '0.00' COMMENT '项目成本',
  `create_time` int(10) NOT NULL DEFAULT '0' COMMENT '创建时间',
  `update_time` int(10) NOT NULL DEFAULT '0' COMMENT '修改时间',
  `unit` varchar(50) NOT NULL DEFAULT '' COMMENT '单位',
  UNIQUE KEY `pre_id` (`ins_id`) USING BTREE,
  KEY `hid` (`hid`) USING BTREE,
  KEY `inspection_name` (`inspection_name`) USING BTREE,
  KEY `class` (`class`) USING BTREE
) ENGINE=MyISAM  DEFAULT CHARSET=utf8 COMMENT='检查项目费用表' AUTO_INCREMENT=40 ;

--
-- 转存表中的数据 `dzm_his_inspectionfee`
--

INSERT INTO `dzm_his_inspectionfee` (`ins_id`, `fee_id`, `mid`, `hid`, `inspection_name`, `class`, `unit_price`, `cost`, `create_time`, `update_time`, `unit`) VALUES
(30, 1, 1, 1, '一般检查', '体检类', '5.00', '5.00', 1566272131, 0, '次'),
(22, 3, 1, 1, '超声骨密度', '体检类', '15.00', '15.00', 1566271794, 0, '次'),
(31, 15, 1, 1, '碳14呼气试验检测', '体检类', '150.00', '150.00', 1566272180, 0, '次'),
(24, 5, 1, 1, '胸部透视', '体检类', '20.00', '20.00', 1566271893, 0, '次'),
(25, 6, 1, 1, '腹部彩超', '体检类', '100.00', '100.00', 1566271918, 0, '次'),
(23, 9, 1, 1, '耳鼻喉科一般检查', '体检类', '10.00', '10.00', 1566271855, 0, '次'),
(32, 17, 1, 1, '内科检查', '体检类', '10.00', '10.00', 1566272205, 0, '次'),
(26, 8, 1, 1, '外科检查', '体检类', '10.00', '10.00', 1566271947, 0, '次'),
(27, 10, 1, 1, '动脉硬化检测', '体检类', '140.00', '140.00', 1566271983, 0, '次'),
(28, 11, 1, 1, '心电图', '体检类', '30.00', '30.00', 1566272028, 0, '次'),
(29, 12, 1, 1, '肺功能检测', '体检类', '80.00', '80.00', 1566272103, 0, '次'),
(33, 18, 1, 1, '妇科检查', '体检类', '20.00', '20.00', 1566272229, 0, '次'),
(35, 2398, 21, 1, '体检', '体检类', '2398.00', '2398.00', 1566347702, 1566441410, '次'),
(36, 45948, 1, 1, '头颅核磁', '体检类', '680.00', '680.00', 1566604323, 0, '次'),
(37, 45950, 1, 1, '甲状腺核磁', '体检类', '680.00', '680.00', 1566604353, 0, '次'),
(38, 45952, 1, 1, '颈椎核磁', '体检类', '680.00', '680.00', 1566604383, 0, '次'),
(39, 45953, 1, 1, '胸椎核磁', '体检类', '680.00', '680.00', 1566604411, 0, '次');

-- --------------------------------------------------------

--
-- 表的结构 `dzm_his_inventory`
--

CREATE TABLE IF NOT EXISTS `dzm_his_inventory` (
  `inventory_id` int(10) unsigned NOT NULL AUTO_INCREMENT COMMENT '库存ID',
  `hmr_id` int(10) NOT NULL COMMENT '药品ID',
  `company_id` int(10) NOT NULL COMMENT '诊所ID',
  `inventory_num` bigint(20) NOT NULL COMMENT '库存数量',
  `inventory_unit` varchar(50) NOT NULL COMMENT '单位',
  `inventory_trade_price` decimal(10,2) NOT NULL DEFAULT '0.00' COMMENT '批发价',
  `inventory_prescription_price` decimal(10,2) NOT NULL DEFAULT '0.00' COMMENT '处方价',
  `inventory_trade_total_amount` decimal(10,2) NOT NULL DEFAULT '0.00' COMMENT '批发额',
  `inventory_prescription_total_amount` decimal(10,2) NOT NULL DEFAULT '0.00' COMMENT '处方额',
  `early_warning` varchar(50) NOT NULL DEFAULT '0' COMMENT '库存预警',
  `update_time` int(11) NOT NULL COMMENT '更新时间',
  PRIMARY KEY (`inventory_id`),
  KEY `hmr_id` (`hmr_id`) USING BTREE,
  KEY `company_id` (`company_id`) USING BTREE
) ENGINE=MyISAM  DEFAULT CHARSET=utf8 COMMENT='库存表' AUTO_INCREMENT=40 ;

--
-- 转存表中的数据 `dzm_his_inventory`
--

INSERT INTO `dzm_his_inventory` (`inventory_id`, `hmr_id`, `company_id`, `inventory_num`, `inventory_unit`, `inventory_trade_price`, `inventory_prescription_price`, `inventory_trade_total_amount`, `inventory_prescription_total_amount`, `early_warning`, `update_time`) VALUES
(33, 43, 1, 606, 'g', '3.99', '4.54', '2420.77', '2748.77', '20', 1564538585),
(34, 44, 1, 109, '瓶', '17.14', '22.47', '1885.00', '2472.00', '20', 1564538585),
(35, 47, 1, 26, '片', '16.38', '24.13', '458.56', '675.68', '20', 1564538585),
(36, 46, 1, 110, '条', '5.09', '9.18', '560.00', '1010.00', '20', 1564538585),
(37, 45, 1, 7894, '瓶', '9.92', '9.94', '78322.21', '78442.21', '20', 1564538585),
(38, 48, 1, 33, 'g', '18.97', '21.88', '645.00', '744.00', '20', 1564538585),
(39, 49, 1, 10, '瓶', '12.00', '12.00', '120.00', '120.00', '0', 1565951097);

-- --------------------------------------------------------

--
-- 表的结构 `dzm_his_medicines`
--

CREATE TABLE IF NOT EXISTS `dzm_his_medicines` (
  `medicines_id` mediumint(8) unsigned NOT NULL AUTO_INCREMENT,
  `medicines_number` varchar(60) NOT NULL DEFAULT '' COMMENT '药品编号',
  `medicines_name` varchar(120) NOT NULL DEFAULT '' COMMENT '药品名称',
  `medicines_class` varchar(50) NOT NULL DEFAULT '' COMMENT '药品分类 ',
  `prescription_type` varchar(50) NOT NULL DEFAULT '' COMMENT '处方类型',
  `unit` varchar(50) NOT NULL DEFAULT '' COMMENT '单位（g/条）',
  `conversion` int(10) NOT NULL DEFAULT '1' COMMENT '换算量',
  `specs` varchar(50) NOT NULL DEFAULT '',
  `keywords` varchar(255) NOT NULL DEFAULT '' COMMENT '关键字',
  `create_time` int(10) unsigned NOT NULL DEFAULT '0' COMMENT '创建时间',
  `update_time` int(10) unsigned NOT NULL DEFAULT '0' COMMENT '修改时间',
  `producter` varchar(50) DEFAULT '' COMMENT '生产厂家',
  PRIMARY KEY (`medicines_id`),
  KEY `goods_sn` (`medicines_number`) USING BTREE,
  KEY `last_update` (`update_time`) USING BTREE,
  KEY `medicines_name` (`medicines_name`)
) ENGINE=MyISAM  DEFAULT CHARSET=utf8 COMMENT='药品信息表' AUTO_INCREMENT=543 ;

--
-- 转存表中的数据 `dzm_his_medicines`
--

INSERT INTO `dzm_his_medicines` (`medicines_id`, `medicines_number`, `medicines_name`, `medicines_class`, `prescription_type`, `unit`, `conversion`, `specs`, `keywords`, `create_time`, `update_time`, `producter`) VALUES
(532, 'dzm485', '当归', '中草药', '中药处方', 'g', 1, '', 'dg', 1564203619, 0, '第三方'),
(533, 'dzm168', '双料喉风散', '中成药', '西医处方', '瓶', 1, '', 'slhfs', 1564208475, 1565259431, '广东嘉应制药股份有限公司'),
(534, 'dzm548', '六味地黄丸', '中成药', '西医处方', '瓶', 1, '', 'lw', 1564209288, 1565259424, ''),
(535, 'dzm945', '蜈蚣', '中成药', '中药处方', '条', 1, '', 'wg', 1564209328, 1565258861, ''),
(536, 'dzm012', '牛黄解毒片', '西成药', '西医处方', '片', 1, '5颗/片', 'nhjdp', 1564211722, 1565254664, '北京同仁堂'),
(537, 'dmz102', '枸杞', '中成药', '中药处方', 'g', 1, 'g', 'w', 1564389813, 1565258391, '佛山'),
(538, 'dsn121', '枇杷露', '中成药', '中药处方', '瓶', 1, '150ml/瓶', '止咳', 1565255222, 0, '康美'),
(539, '1212', '苯丁酸氮芥', '西成药', '西医处方', '瓶', 1, '500g/瓶', '测试', 1565959397, 1565959421, '测试'),
(540, '003', '氮芥', '西成药', '西医处方', '颗', 1, '60g/颗', '氮芥', 1565959717, 0, '测试'),
(541, '0034', '口腔炎喷雾剂', '西成药', '西医处方', 'g', 1, '', '口腔', 1565959817, 0, ''),
(542, '0008', '丁细牙痛胶囊', '西成药', '西医处方', '颗', 1, '10g/颗', '测试', 1565959902, 0, '');

-- --------------------------------------------------------

--
-- 表的结构 `dzm_his_member`
--

CREATE TABLE IF NOT EXISTS `dzm_his_member` (
  `uid` int(11) unsigned NOT NULL AUTO_INCREMENT COMMENT '用户id',
  `user_name` varchar(20) DEFAULT NULL COMMENT '登录名',
  `password` varchar(60) DEFAULT NULL COMMENT '登录密码',
  `create_time` int(10) DEFAULT NULL COMMENT '注册时间',
  `status` tinyint(1) DEFAULT '1' COMMENT '是否允许用户登录( 1 是  2否) 3 删除',
  `p_id` int(11) DEFAULT '0' COMMENT '医院id，用于区分用户类型及其医生所属诊所',
  `type` tinyint(2) DEFAULT '1' COMMENT '1,管理员，2，医生，3.护士，4，挂号员，5，收费员6，发药员，7，财务8，其他人员',
  `department_id` int(11) DEFAULT '0' COMMENT '科室id',
  `rank` tinyint(2) DEFAULT '0' COMMENT '医生级别 0:其他  1:主治医师  2:副主任医师  3:主任医师  4:医士  5:医师  6:助理医师  7:实习医师  8:主管护师  9:护师  10:护士  11:医师助理  12:研究生  13:随访员 ',
  `update_time` int(10) DEFAULT '0' COMMENT '修改时间',
  PRIMARY KEY (`uid`),
  KEY `user_name` (`user_name`) USING BTREE,
  KEY `status` (`status`) USING BTREE,
  KEY `p_id` (`p_id`) USING BTREE,
  KEY `type` (`type`) USING BTREE,
  KEY `department_id` (`department_id`) USING BTREE
) ENGINE=InnoDB  DEFAULT CHARSET=utf8mb4 COMMENT='HIS用户表' AUTO_INCREMENT=23 ;

--
-- 转存表中的数据 `dzm_his_member`
--

INSERT INTO `dzm_his_member` (`uid`, `user_name`, `password`, `create_time`, `status`, `p_id`, `type`, `department_id`, `rank`, `update_time`) VALUES
(1, 'admin', '$2y$12$j5kI8UjHrTm41OeP2CH6bOJuJvhIGFQ863zLNBfmM4QV2RSJmWVxO', 1511947869, 1, 0, 1, 0, 0, 0),
(7, '13549888888', '$2y$12$zxlsngkl/kGzRzAZakNOlek8JOV4UzpIR97DK6.ZgYpruSz1FfHDi', 1564203064, 2, 1, 3, 6, 10, 1565337926),
(8, '13946652480', '$2y$12$nvxGQKMSK7fSq2lBKk7i6.lMO6/bluGTTyVXpW3MRIH8QBkZJh0WS', 1564209525, 2, 1, 3, 6, 3, 1565337938),
(9, '13254682159', '$2y$12$Xl6N3LBa8rCX32y1VTkwcODmI3H/v2qEnMXCXdJ..7g78PP8eU/Dy', 1564209585, 2, 1, 3, 6, 10, 1565747880),
(10, '13566845270', '$2y$12$3pAi5JHj18E2sTbumLAjt.IkJuU8D/1nvvRGONrzavj9Uk083aBHO', 1564210966, 2, 1, 7, 6, 1, 1565747838),
(11, 'root', 'root', 1564384871, 2, 1, 2, 14, 5, 1566016479),
(12, '15897445415', '$2y$12$gGxt.N5bx0D2MNXBZPz6DuNYF9cAoOepZfwPYzZmzmrznkZ1Pc5.C', 1564470406, 2, 1, 2, 10, 1, 1566010492),
(13, '13413520612', '$2y$12$ReWYmPuviZ7L5dW9qNHVwOSRQyIf0TD5DjXRUOx0zzMaIOvhD5F8q', 1564537578, 2, 1, 2, 11, 5, 1566010471),
(14, '15625435453', '$2y$12$zwtf6J9YiU8g2SwWnKV3DuHmFUHdMmT5fxhvqcxfTL2zmTLdjkTFK', 1379691168, 2, 1, 2, 6, 1, 0),
(15, '13652489815', '$2y$12$HHrhYRWn9Q7yfauRDScmFeKnONAeGOSuXg7e34qEJ6mbyn/KoQJeG', 1565916588, 2, 1, 2, 13, 1, 0),
(16, '13660567668', '$2y$12$9Iaj1AiNahVM4sjBp7G/lO.Kv9EEYWNFrYC2V0cVVFYsqHO5ud2dy', 1566262769, 1, 1, 2, 10, 1, 1566262789),
(17, '13928938080', '$2y$12$7Nae3AE..8tWmF6fXDgEG.N23N4TmlVsQ0rJyc7QfXXKEe0IWmCDi', 1566262904, 1, 1, 2, 13, 1, 1566262913),
(18, '13509282382', '$2y$12$4Ijn2ibIeXmrRB5hn2Fxp.K/TZYbxuSjCWRJ7xYal0EMUOoEEVzpe', 1566262985, 1, 1, 2, 15, 2, 1566262994),
(19, '13926488898', '$2y$12$ylnpUj6VDyfvZJUQWCXtFeW0ROHsjReXvj3WXSd/FjIskw96LcYH.', 1566263348, 1, 1, 2, 14, 2, 1566263364),
(20, '13332856016', '$2y$12$Q8Cupom0gD0ALB2tFEsMFu1UKbT7aDan7il7H3.BDdscC5KThkatu', 1566263454, 1, 1, 2, 12, 1, 1566263459),
(21, '13544571283', '$2y$12$SbVUV6pnW5fccfmGPTV4Neyh4ZjOahcTk9WQOLzmac2gk4F61HN9i', 1566272675, 1, 1, 2, 16, 1, 1566349206),
(22, '13602229923', '$2y$12$GRerjrDMj/I12ui3IcpYDORr5sEnaSJOcw9H8arMOpjmR0fY20gZ.', 1566347592, 1, 1, 2, 11, 2, 1566347607);

-- --------------------------------------------------------

--
-- 表的结构 `dzm_his_operation_log`
--

CREATE TABLE IF NOT EXISTS `dzm_his_operation_log` (
  `oid` int(11) NOT NULL AUTO_INCREMENT,
  `uid` int(11) NOT NULL COMMENT '用户ID',
  `operation` varchar(64) NOT NULL COMMENT '具体操作',
  `details` varchar(100) NOT NULL,
  `optime` int(10) NOT NULL DEFAULT '0' COMMENT '操作时间',
  PRIMARY KEY (`oid`)
) ENGINE=MyISAM DEFAULT CHARSET=utf8 COMMENT='诊所系统操作记录表' AUTO_INCREMENT=1 ;

-- --------------------------------------------------------

--
-- 表的结构 `dzm_his_patient_file`
--

CREATE TABLE IF NOT EXISTS `dzm_his_patient_file` (
  `file_id` int(11) NOT NULL AUTO_INCREMENT COMMENT '主键',
  `patient_id` int(10) NOT NULL DEFAULT '0' COMMENT '患者id',
  `emergency_contact_name` varchar(50) NOT NULL DEFAULT '' COMMENT '紧急联系人',
  `emergency_contact_mobile` varchar(11) NOT NULL DEFAULT '' COMMENT '紧急联系人电话',
  `emergency_contact_relation` tinyint(2) NOT NULL DEFAULT '0' COMMENT '紧急联系人关系 1：爸爸  2：妈妈  3：儿子  4：女儿  5：亲戚  6：朋友',
  `left_ear_hearing` tinyint(1) NOT NULL DEFAULT '0' COMMENT '左耳听力 1：正常  2：耳聋',
  `right_ear_hearing` tinyint(1) NOT NULL DEFAULT '0' COMMENT '右耳听力 1：正常  2：耳聋',
  `left_vision` decimal(10,1) NOT NULL COMMENT '左眼视力',
  `update_time` int(10) NOT NULL DEFAULT '0' COMMENT '修改时间',
  `right_vision` decimal(10,1) NOT NULL COMMENT '右眼视力',
  `height` decimal(10,1) NOT NULL COMMENT '身高',
  `weight` decimal(10,1) NOT NULL COMMENT '体重',
  `blood_type` text NOT NULL COMMENT '血型 1:A 2:B 3:AB 4:O    Rh血型 1:阴性 2:阳性',
  `create_time` int(10) NOT NULL DEFAULT '0' COMMENT '创建时间',
  `personal_info` varchar(100) NOT NULL DEFAULT '' COMMENT '个人史',
  `family_info` varchar(100) NOT NULL DEFAULT '' COMMENT '家族史',
  PRIMARY KEY (`file_id`),
  UNIQUE KEY `patient_id` (`patient_id`) USING BTREE
) ENGINE=InnoDB  DEFAULT CHARSET=utf8 COMMENT='患者用户档案表' AUTO_INCREMENT=11 ;

--
-- 转存表中的数据 `dzm_his_patient_file`
--

INSERT INTO `dzm_his_patient_file` (`file_id`, `patient_id`, `emergency_contact_name`, `emergency_contact_mobile`, `emergency_contact_relation`, `left_ear_hearing`, `right_ear_hearing`, `left_vision`, `update_time`, `right_vision`, `height`, `weight`, `blood_type`, `create_time`, `personal_info`, `family_info`) VALUES
(2, 5, '', '', 0, 1, 1, '0.0', 1564368833, '0.0', '110.0', '0.0', '[0,0]', 1564209412, '', ''),
(3, 6, '', '', 0, 1, 1, '0.0', 1566273039, '0.0', '0.0', '0.0', '[0,0]', 1564366861, '', ''),
(4, 9, '', '', 0, 1, 1, '0.0', 1564471331, '0.0', '0.0', '0.0', '[0,0]', 1564456859, '', ''),
(5, 16, '', '', 0, 1, 1, '0.0', 1565999492, '0.0', '0.0', '0.0', '[0,0]', 1565959272, '', ''),
(6, 15, '', '', 0, 1, 1, '0.0', 0, '0.0', '0.0', '0.0', '[0,0]', 1565999501, '', ''),
(7, 14, '', '', 0, 1, 1, '0.0', 0, '0.0', '0.0', '0.0', '[0,0]', 1565999513, '', ''),
(8, 12, '', '', 0, 1, 1, '0.0', 1566263541, '0.0', '0.0', '0.0', '[0,0]', 1566263536, '', ''),
(9, 11, '', '', 0, 1, 1, '0.0', 0, '0.0', '0.0', '0.0', '[0,0]', 1566263551, '', ''),
(10, 10, '', '', 0, 1, 1, '0.0', 0, '0.0', '0.0', '0.0', '[0,0]', 1566273015, '', '');

-- --------------------------------------------------------

--
-- 表的结构 `dzm_his_prescription_extracharges`
--

CREATE TABLE IF NOT EXISTS `dzm_his_prescription_extracharges` (
  `pre_id` int(11) unsigned NOT NULL AUTO_INCREMENT,
  `mid` int(10) NOT NULL DEFAULT '0' COMMENT '添加用户id',
  `hid` int(10) NOT NULL DEFAULT '0' COMMENT '医院id',
  `extracharges_name` varchar(50) NOT NULL DEFAULT '' COMMENT '处方附加费名称',
  `fee` decimal(10,2) NOT NULL DEFAULT '0.00' COMMENT '金额',
  `type` varchar(50) NOT NULL DEFAULT '0' COMMENT '处方类型  0:中药处方  1:西药处方',
  `create_time` int(10) NOT NULL DEFAULT '0' COMMENT '创建时间',
  `update_time` int(10) NOT NULL DEFAULT '0' COMMENT '修改时间',
  UNIQUE KEY `pre_id` (`pre_id`) USING BTREE,
  KEY `extracharges_name` (`extracharges_name`),
  KEY `hid` (`hid`)
) ENGINE=InnoDB  DEFAULT CHARSET=utf8 COMMENT='处方附加费用表' AUTO_INCREMENT=4 ;

--
-- 转存表中的数据 `dzm_his_prescription_extracharges`
--

INSERT INTO `dzm_his_prescription_extracharges` (`pre_id`, `mid`, `hid`, `extracharges_name`, `fee`, `type`, `create_time`, `update_time`) VALUES
(3, 1, 1, '补挂号费', '1.00', '西医处方', 1563613160, 1565956717);

-- --------------------------------------------------------

--
-- 表的结构 `dzm_his_purchase`
--

CREATE TABLE IF NOT EXISTS `dzm_his_purchase` (
  `purchase_id` int(10) unsigned NOT NULL AUTO_INCREMENT COMMENT '采购信息ID',
  `medicines_id` int(10) NOT NULL COMMENT '医院药品关联表：hmr_id',
  `batches_of_inventory_id` int(10) NOT NULL COMMENT '批次库存ID',
  `purchase_num` int(10) NOT NULL COMMENT '采购数量',
  `purchase_unit` varchar(50) NOT NULL COMMENT '采购单位',
  `purchase_trade_price` decimal(10,2) NOT NULL COMMENT '批发价',
  `purchase_prescription_price` decimal(10,2) NOT NULL COMMENT '处方价',
  `purchase_trade_total_amount` decimal(10,2) NOT NULL COMMENT '采购批发总额',
  `purchase_prescription_total_amount` decimal(10,2) NOT NULL COMMENT '采购处方总额',
  `create_time` int(11) NOT NULL COMMENT '创建时间',
  `hmr_id` int(10) unsigned DEFAULT '0',
  PRIMARY KEY (`purchase_id`),
  KEY `medicines_id` (`medicines_id`) USING BTREE,
  KEY `batches_of_inventory_id` (`batches_of_inventory_id`) USING BTREE
) ENGINE=InnoDB  DEFAULT CHARSET=utf8 COMMENT='采购信息表' AUTO_INCREMENT=98 ;

--
-- 转存表中的数据 `dzm_his_purchase`
--

INSERT INTO `dzm_his_purchase` (`purchase_id`, `medicines_id`, `batches_of_inventory_id`, `purchase_num`, `purchase_unit`, `purchase_trade_price`, `purchase_prescription_price`, `purchase_trade_total_amount`, `purchase_prescription_total_amount`, `create_time`, `hmr_id`) VALUES
(66, 532, 8, 300, 'g', '2.00', '5.00', '600.00', '1500.00', 1564203654, 43),
(67, 532, 9, 100, 'g', '4.00', '6.00', '400.00', '600.00', 1564207455, 43),
(68, 532, 10, 200, 'g', '5.00', '40.00', '1000.00', '8000.00', 1564207566, 43),
(69, 533, 11, 1, '瓶', '11.00', '12.00', '11.00', '12.00', 1564208509, 44),
(70, 533, 12, 2, '瓶', '12.00', '15.00', '24.00', '30.00', 1564208563, 44),
(71, 536, 13, 100, '盒', '5.00', '8.00', '500.00', '800.00', 1564211959, 47),
(72, 533, 13, 100, '瓶', '8.00', '11.00', '800.00', '1100.00', 1564211959, 44),
(73, 536, 14, 10, '片', '5.00', '8.00', '50.00', '80.00', 1564212524, 47),
(74, 535, 15, 50, '条', '2.00', '4.00', '100.00', '200.00', 1564214722, 46),
(75, 535, 16, 50, '条', '5.00', '8.00', '250.00', '400.00', 1564214766, 46),
(76, 536, 17, 10, '片', '2.00', '5.00', '20.00', '50.00', 1564366183, 47),
(77, 536, 18, 60, '片', '5.00', '8.00', '300.00', '480.00', 1564367498, 47),
(78, 535, 19, 20, '条', '2.00', '4.00', '40.00', '80.00', 1564369283, 46),
(79, 536, 20, 60, '片', '5.00', '8.00', '300.00', '480.00', 1564369384, 47),
(80, 534, 20, 820, '瓶', '10.00', '15.00', '8200.00', '12300.00', 1564369384, 45),
(81, 532, 21, 13, 'g', '5.00', '13.00', '65.00', '169.00', 1564371904, 43),
(83, 535, 23, 10, '条', '1.00', '3.00', '10.00', '30.00', 1564382546, 46),
(84, 534, 23, 10, '瓶', '1.00', '3.00', '10.00', '30.00', 1564382546, 45),
(85, 533, 23, 10, '瓶', '1.00', '3.00', '10.00', '30.00', 1564382546, 44),
(88, 0, 26, 23, '', '0.00', '0.00', '0.00', '0.00', 1564390968, 48),
(90, 537, 28, 13, 'g', '31.00', '34.00', '403.00', '442.00', 1564468388, 48),
(91, 537, 29, 20, 'g', '12.00', '15.00', '240.00', '300.00', 1564538585, 48),
(92, 536, 29, 20, '片', '20.00', '25.00', '400.00', '500.00', 1564538585, 47),
(93, 535, 29, 20, '条', '8.00', '15.00', '160.00', '300.00', 1564538585, 46),
(94, 534, 29, 20, '瓶', '15.00', '21.00', '300.00', '420.00', 1564538585, 45),
(95, 533, 29, 20, '瓶', '52.00', '65.00', '1040.00', '1300.00', 1564538585, 44),
(96, 532, 29, 20, 'g', '12.00', '18.00', '240.00', '360.00', 1564538585, 43),
(97, 538, 30, 10, '瓶', '12.00', '12.00', '120.00', '120.00', 1565951097, 49);

-- --------------------------------------------------------

--
-- 表的结构 `dzm_his_registeredfee`
--

CREATE TABLE IF NOT EXISTS `dzm_his_registeredfee` (
  `reg_id` int(11) unsigned NOT NULL AUTO_INCREMENT,
  `mid` int(11) NOT NULL COMMENT '用户id',
  `company_id` int(11) NOT NULL COMMENT '公司ID',
  `registeredfee_name` varchar(255) NOT NULL COMMENT '挂号费用名称',
  `registeredfee_fee` decimal(8,2) unsigned NOT NULL COMMENT '金额',
  `registeredfee_sub_fee` decimal(8,2) unsigned NOT NULL COMMENT '子费用总数',
  `registeredfee_aggregate_amount` decimal(8,2) unsigned NOT NULL COMMENT '挂号费用总金额',
  `numberOfSub` int(5) NOT NULL COMMENT '子费用数量',
  `create_time` int(10) NOT NULL COMMENT '创建时间',
  PRIMARY KEY (`reg_id`),
  KEY `mid` (`mid`) USING BTREE,
  KEY `company_id` (`company_id`) USING BTREE
) ENGINE=InnoDB  DEFAULT CHARSET=utf8 COMMENT='挂号费用表' AUTO_INCREMENT=10 ;

--
-- 转存表中的数据 `dzm_his_registeredfee`
--

INSERT INTO `dzm_his_registeredfee` (`reg_id`, `mid`, `company_id`, `registeredfee_name`, `registeredfee_fee`, `registeredfee_sub_fee`, `registeredfee_aggregate_amount`, `numberOfSub`, `create_time`) VALUES
(9, 1, 1, '门诊', '1.00', '0.00', '1.00', 0, 1566263972);

-- --------------------------------------------------------

--
-- 表的结构 `dzm_his_registeredfee_sub`
--

CREATE TABLE IF NOT EXISTS `dzm_his_registeredfee_sub` (
  `reg_sub_id` int(10) unsigned NOT NULL AUTO_INCREMENT,
  `reg_id` int(10) unsigned NOT NULL COMMENT '挂号费用ID',
  `sub_registeredfee_name` varchar(255) NOT NULL COMMENT '挂号费用子名称',
  `sub_registeredfee_fee` decimal(8,2) NOT NULL COMMENT '子费用 ',
  PRIMARY KEY (`reg_sub_id`),
  KEY `reg_id` (`reg_id`) USING BTREE
) ENGINE=InnoDB DEFAULT CHARSET=utf8 COMMENT='挂号费用子表' AUTO_INCREMENT=1 ;

-- --------------------------------------------------------

--
-- 表的结构 `dzm_his_registration`
--

CREATE TABLE IF NOT EXISTS `dzm_his_registration` (
  `registration_id` bigint(20) unsigned NOT NULL AUTO_INCREMENT,
  `patient_id` int(10) NOT NULL COMMENT '患者ID',
  `physician_id` int(10) NOT NULL COMMENT '医生ID',
  `operator_id` int(10) NOT NULL COMMENT '操作员ID',
  `company_id` int(10) NOT NULL COMMENT '诊所ID',
  `department_id` int(10) NOT NULL COMMENT '科室ID',
  `registeredfee_id` int(10) NOT NULL COMMENT '挂号费用ID',
  `registration_amount` float(8,2) NOT NULL COMMENT '挂号总金额',
  `registration_number` bigint(20) NOT NULL COMMENT '挂号编号',
  `registration_status` tinyint(2) NOT NULL DEFAULT '1' COMMENT '挂号状态,1为待就诊，3为已退号，2为已就诊,4为作废，5,为未付款,6，为部分支付',
  `scheduling_id` int(10) NOT NULL COMMENT '排班主表ID',
  `scheduling_subsection_id` int(10) NOT NULL COMMENT '排班时段表ID',
  `scheduling_week_id` int(10) NOT NULL COMMENT '排班星期表ID',
  `create_time` int(11) NOT NULL,
  `update_time` int(11) NOT NULL DEFAULT '0' COMMENT '更新时间',
  `pkg_id` int(10) unsigned DEFAULT '0' COMMENT '收费总表care_pkg.id',
  PRIMARY KEY (`registration_id`),
  KEY `patient_id` (`patient_id`) USING BTREE,
  KEY `physician_id` (`physician_id`) USING BTREE,
  KEY `operator_id` (`operator_id`) USING BTREE,
  KEY `company_id` (`company_id`) USING BTREE,
  KEY `department_id` (`department_id`) USING BTREE,
  KEY `registeredfee_id` (`registeredfee_id`) USING BTREE,
  KEY `registration_status` (`registration_status`) USING BTREE,
  KEY `scheduling_id` (`scheduling_id`) USING BTREE,
  KEY `pkg_id` (`pkg_id`) USING BTREE
) ENGINE=InnoDB  DEFAULT CHARSET=utf8 COMMENT='门诊挂号' AUTO_INCREMENT=107 ;

--
-- 转存表中的数据 `dzm_his_registration`
--

INSERT INTO `dzm_his_registration` (`registration_id`, `patient_id`, `physician_id`, `operator_id`, `company_id`, `department_id`, `registeredfee_id`, `registration_amount`, `registration_number`, `registration_status`, `scheduling_id`, `scheduling_subsection_id`, `scheduling_week_id`, `create_time`, `update_time`, `pkg_id`) VALUES
(39, 5, 7, 1, 1, 1, 5, 5.00, 201907270000100001, 3, 22, 66, 461, 1564203569, 0, 79),
(40, 6, 7, 1, 1, 1, 5, 5.00, 201907270000100040, 3, 22, 66, 461, 1564209449, 0, 83),
(41, 5, 7, 7, 1, 1, 5, 5.00, 201907270000100041, 2, 22, 65, 454, 1564209759, 0, 84),
(42, 6, 9, 1, 1, 4, 4, 10.00, 201907270000100042, 4, 23, 67, 469, 1564211776, 0, 85),
(43, 5, 9, 1, 1, 4, 4, 10.00, 201907270000100043, 4, 23, 69, 482, 1564211806, 0, 86),
(44, 6, 9, 1, 1, 4, 4, 10.00, 201907270000100044, 4, 23, 68, 475, 1564214298, 0, 90),
(45, 5, 7, 1, 1, 1, 5, 5.00, 201907270000100045, 4, 22, 65, 454, 1564214317, 0, 91),
(46, 6, 7, 1, 1, 1, 4, 10.00, 201907290000100046, 1, 24, 71, 497, 1564363585, 0, 95),
(47, 7, 9, 1, 1, 4, 5, 5.00, 201907290000100047, 2, 25, 74, 518, 1564366810, 0, 98),
(48, 8, 7, 1, 1, 1, 4, 10.00, 201907290000100048, 1, 24, 72, 504, 1564367339, 0, 99),
(49, 8, 9, 1, 1, 4, 4, 12.00, 201907290000100049, 3, 25, 75, 519, 1564368631, 0, 104),
(50, 7, 9, 1, 1, 4, 4, 12.00, 201907290000100050, 2, 25, 74, 512, 1564368644, 0, 105),
(51, 6, 9, 1, 1, 4, 4, 12.00, 201907290000100051, 2, 25, 73, 505, 1564368656, 0, 106),
(52, 8, 9, 8, 1, 4, 4, 10.00, 201907290000100052, 4, 25, 73, 505, 1564371065, 0, 108),
(53, 5, 7, 8, 1, 1, 4, 10.00, 201907290000100053, 3, 24, 71, 491, 1564380814, 0, 110),
(54, 8, 7, 8, 1, 1, 5, 5.00, 201907290000100054, 4, 24, 70, 485, 1564380866, 0, 111),
(55, 6, 7, 8, 1, 1, 5, 5.00, 201907290000100055, 2, 24, 71, 492, 1564380894, 0, 112),
(56, 9, 7, 8, 1, 1, 4, 64.00, 201907300000100056, 4, 24, 71, 493, 1564452486, 0, 127),
(57, 5, 9, 8, 1, 4, 4, 64.00, 201907300000100057, 2, 25, 74, 514, 1564452524, 0, 128),
(58, 7, 7, 8, 1, 1, 4, 64.00, 201907300000100058, 1, 24, 72, 502, 1564452547, 0, 129),
(59, 7, 9, 8, 1, 4, 4, 5.00, 201907300000100059, 2, 25, 74, 514, 1564454032, 0, 135),
(60, 6, 9, 8, 1, 4, 4, 5.00, 201907300000100060, 1, 25, 74, 516, 1564454044, 0, 136),
(61, 9, 7, 8, 1, 1, 4, 5.00, 201907300000100061, 3, 24, 71, 493, 1564454061, 0, 137),
(62, 7, 7, 8, 1, 1, 4, 5.00, 201907300000100062, 2, 24, 72, 502, 1564454073, 0, 138),
(63, 10, 7, 1, 1, 1, 4, 5.00, 201907310000100063, 4, 24, 70, 490, 1564539260, 0, 143),
(64, 11, 12, 1, 1, 5, 7, 2.00, 201908080000100064, 2, 36, 106, 741, 1565249053, 0, 146),
(65, 11, 13, 1, 1, 6, 4, 3.00, 201908100000100065, 2, 39, 115, 800, 1565430545, 0, 152),
(66, 10, 12, 1, 1, 6, 7, 2.00, 201908100000100066, 2, 38, 112, 780, 1565430818, 0, 153),
(67, 11, 13, 1, 1, 6, 7, 2.00, 201908100000100067, 2, 39, 115, 799, 1565433940, 0, 156),
(68, 11, 12, 1, 1, 6, 7, 2.00, 201908130000100068, 1, 38, 112, 780, 1565696446, 0, 159),
(69, 10, 12, 1, 1, 6, 7, 2.00, 201908130000100069, 2, 38, 112, 780, 1565696751, 0, 160),
(70, 8, 12, 1, 1, 6, 7, 2.00, 201908130000100070, 2, 38, 112, 780, 1565709908, 0, 161),
(71, 11, 13, 1, 1, 6, 7, 2.00, 201908140000100071, 1, 39, 115, 801, 1565748048, 0, 167),
(72, 11, 12, 1, 1, 6, 7, 2.00, 201908140000100072, 2, 38, 112, 780, 1565748607, 0, 168),
(73, 12, 13, 1, 1, 6, 7, 2.00, 201908140000100073, 2, 39, 116, 808, 1565749169, 0, 170),
(74, 11, 12, 1, 1, 6, 4, 3.00, 201309200000100074, 4, 38, 112, 778, 1379691447, 0, 172),
(75, 11, 12, 1, 1, 6, 4, 3.00, 201309200000100075, 2, 38, 112, 778, 1379691481, 0, 173),
(76, 12, 13, 1, 1, 6, 7, 2.00, 201309200000100076, 4, 39, 115, 799, 1379691620, 0, 175),
(77, 13, 11, 1, 1, 14, 7, 2.00, 201908160000100077, 2, 43, 127, 887, 1565918428, 0, 176),
(78, 13, 11, 1, 1, 14, 7, 2.00, 201908160000100078, 5, 43, 127, 888, 1565955645, 0, 178),
(79, 13, 11, 1, 1, 14, 9, 1.00, 201908160000100079, 2, 43, 129, 901, 1565956279, 0, 179),
(80, 13, 11, 1, 1, 14, 9, 1.00, 201908160000100080, 2, 43, 129, 901, 1565956804, 0, 181),
(81, 14, 11, 1, 1, 14, 9, 1.00, 201908160000100081, 1, 43, 129, 901, 1565959024, 0, 183),
(82, 15, 11, 1, 1, 14, 9, 1.00, 201908160000100082, 5, 43, 127, 888, 1565959123, 0, 184),
(83, 16, 11, 1, 1, 14, 9, 1.00, 201908160000100083, 2, 43, 129, 901, 1565959167, 0, 185),
(84, 15, 11, 1, 1, 14, 9, 1.00, 201908160000100084, 5, 43, 129, 901, 1565963101, 0, 187),
(85, 13, 11, 1, 1, 14, 9, 1.00, 201908160000100085, 5, 43, 127, 888, 1565963122, 0, 188),
(86, 9, 11, 1, 1, 14, 9, 1.00, 201908160000100086, 5, 43, 127, 888, 1565963315, 0, 189),
(87, 15, 11, 1, 1, 14, 9, 1.00, 201908160000100087, 1, 43, 127, 888, 1565963387, 0, 190),
(88, 12, 11, 1, 1, 14, 9, 1.00, 201908160000100088, 1, 43, 129, 901, 1565963421, 0, 191),
(89, 12, 11, 1, 1, 14, 9, 0.00, 201908170000100089, 2, 43, 127, 888, 1566006087, 0, 192),
(90, 14, 11, 1, 1, 14, 9, 0.00, 201908170000100090, 1, 43, 127, 888, 1566006656, 0, 193),
(91, 16, 11, 1, 1, 14, 9, 0.00, 201908170000100091, 1, 43, 127, 888, 1566007133, 0, 194),
(92, 17, 20, 1, 1, 12, 9, 1.00, 201908200000100092, 2, 55, 163, 1136, 1566264003, 0, 195),
(93, 19, 20, 1, 1, 12, 9, 1.00, 201908200000100093, 2, 55, 164, 1143, 1566264519, 0, 200),
(94, 20, 20, 1, 1, 12, 9, 1.00, 201908200000100094, 2, 55, 163, 1136, 1566269990, 0, 202),
(95, 21, 16, 1, 1, 10, 9, 1.00, 201908200000100095, 2, 51, 152, 1059, 1566272419, 0, 204),
(96, 22, 20, 1, 1, 12, 9, 1.00, 201908210000100096, 2, 55, 163, 1137, 1566348294, 0, 206),
(97, 25, 20, 21, 1, 12, 9, 1.00, 201908210000100097, 2, 55, 163, 1137, 1566349033, 0, 210),
(98, 26, 16, 21, 1, 10, 9, 1.00, 201908210000100098, 2, 51, 151, 1053, 1566352223, 0, 213),
(99, 27, 21, 1, 1, 16, 9, 1.00, 201908210000100099, 2, 67, 199, 1389, 1566352774, 0, 215),
(100, 28, 21, 21, 1, 16, 9, 1.00, 201908220000100100, 2, 67, 199, 1390, 1566441538, 0, 217),
(101, 31, 20, 1, 1, 12, 9, 1.00, 201908240000100101, 2, 55, 163, 1140, 1566604153, 0, 221),
(102, 32, 21, 1, 1, 16, 9, 1.00, 201908240000100102, 2, 67, 200, 1399, 1566604487, 0, 223),
(103, 33, 21, 1, 1, 16, 9, 1.00, 201908240000100103, 2, 67, 200, 1399, 1566604693, 0, 225),
(104, 34, 21, 1, 1, 16, 9, 1.00, 201908310000100104, 2, 68, 202, 1413, 1567216434, 0, 227),
(105, 41, 21, 1, 1, 16, 9, 1.00, 201909040000100105, 2, 70, 208, 1452, 1567560138, 0, 235),
(106, 42, 21, 1, 1, 16, 9, 1.00, 201909040000100106, 2, 70, 208, 1452, 1567565643, 0, 237);

-- --------------------------------------------------------

--
-- 表的结构 `dzm_his_scheduling`
--

CREATE TABLE IF NOT EXISTS `dzm_his_scheduling` (
  `scheduling_id` bigint(20) unsigned NOT NULL AUTO_INCREMENT,
  `physicianid` int(10) NOT NULL COMMENT '医生ID',
  `department_id` int(10) NOT NULL COMMENT '科室ID',
  `company_id` int(10) NOT NULL COMMENT '诊所ID',
  `start_time_this_week` varchar(50) NOT NULL COMMENT '本周开始时间',
  `end_time_this_week` varchar(50) NOT NULL COMMENT '本周结束时间',
  `create_time` int(11) NOT NULL COMMENT '创建时间',
  `update_time` int(11) NOT NULL DEFAULT '0' COMMENT '更新时间',
  PRIMARY KEY (`scheduling_id`),
  KEY `physicianid` (`physicianid`) USING BTREE,
  KEY `department_id` (`department_id`) USING BTREE,
  KEY `company_id` (`company_id`) USING BTREE,
  KEY `start_time_this_week` (`start_time_this_week`) USING BTREE
) ENGINE=InnoDB  DEFAULT CHARSET=utf8 COMMENT='我的排班' AUTO_INCREMENT=79 ;

--
-- 转存表中的数据 `dzm_his_scheduling`
--

INSERT INTO `dzm_his_scheduling` (`scheduling_id`, `physicianid`, `department_id`, `company_id`, `start_time_this_week`, `end_time_this_week`, `create_time`, `update_time`) VALUES
(19, 2, 1, 1, '2019-07-22', '2019-07-28', 1563796774, 0),
(20, 3, 2, 1, '2019-07-22', '2019-07-28', 1563796775, 0),
(21, 4, 3, 1, '2019-07-22', '2019-07-28', 1563796775, 0),
(22, 7, 1, 1, '2019-07-22', '2019-07-28', 1564203074, 1564211668),
(23, 9, 4, 1, '2019-07-22', '2019-07-28', 1564211650, 1564211662),
(24, 7, 1, 1, '2019-07-29', '2019-08-04', 1564214384, 1564391435),
(25, 9, 4, 1, '2019-07-29', '2019-08-04', 1564214386, 1564384034),
(26, 7, 1, 1, '2019-08-05', '2019-08-11', 1564214413, 0),
(27, 9, 4, 1, '2019-08-05', '2019-08-11', 1564214413, 0),
(28, 7, 1, 1, '2019-08-12', '2019-08-18', 1564214470, 0),
(29, 9, 4, 1, '2019-08-12', '2019-08-18', 1564214471, 0),
(30, 8, 3, 1, '2019-07-29', '2019-08-04', 1564369183, 0),
(31, 11, 4, 1, '2019-07-29', '2019-08-04', 1564386602, 1564471499),
(32, 11, 4, 1, '2019-07-22', '2019-07-28', 1564125746, 0),
(33, 12, 5, 1, '2019-07-22', '2019-07-28', 1564125746, 0),
(34, 13, 2, 1, '2019-07-22', '2019-07-28', 1564125747, 0),
(35, 11, 4, 1, '2019-08-05', '2019-08-11', 1565168508, 0),
(36, 12, 5, 1, '2019-08-05', '2019-08-11', 1565168509, 1565248959),
(37, 13, 2, 1, '2019-08-05', '2019-08-11', 1565168509, 1565430090),
(38, 12, 6, 1, '2019-08-12', '2019-08-18', 1565338646, 1565917612),
(39, 13, 6, 1, '2019-08-12', '2019-08-18', 1565338647, 1565918099),
(40, 12, 6, 1, '2013-09-16', '2013-09-22', 1379691405, 1379691420),
(41, 13, 6, 1, '2013-09-16', '2013-09-22', 1379691405, 0),
(42, 14, 6, 1, '2013-09-16', '2013-09-22', 1379691405, 0),
(43, 11, 14, 1, '2019-08-12', '2019-08-18', 1565917544, 1565956255),
(44, 14, 6, 1, '2019-08-12', '2019-08-18', 1565917544, 1565957521),
(45, 15, 13, 1, '2019-08-12', '2019-08-18', 1565917544, 1565918196),
(46, 11, 14, 1, '2013-09-23', '2013-09-29', 1379939849, 0),
(47, 11, 14, 1, '2019-08-19', '2019-08-25', 1566025536, 0),
(48, 11, 14, 1, '2019-08-26', '2019-09-01', 1566025557, 0),
(49, 11, 14, 1, '2019-09-02', '2019-09-08', 1566025557, 0),
(50, 11, 14, 1, '2019-09-09', '2019-09-15', 1566025558, 0),
(51, 16, 10, 1, '2019-08-19', '2019-08-25', 1566263603, 1566263630),
(52, 17, 13, 1, '2019-08-19', '2019-08-25', 1566263603, 1566347647),
(53, 18, 15, 1, '2019-08-19', '2019-08-25', 1566263603, 1566263667),
(54, 19, 14, 1, '2019-08-19', '2019-08-25', 1566263603, 1566263683),
(55, 20, 12, 1, '2019-08-19', '2019-08-25', 1566263603, 1566263700),
(56, 16, 10, 1, '2019-08-26', '2019-09-01', 1566273389, 0),
(57, 17, 13, 1, '2019-08-26', '2019-09-01', 1566273389, 0),
(58, 18, 15, 1, '2019-08-26', '2019-09-01', 1566273389, 0),
(59, 19, 14, 1, '2019-08-26', '2019-09-01', 1566273389, 0),
(60, 20, 12, 1, '2019-08-26', '2019-09-01', 1566273389, 0),
(61, 16, 10, 1, '2019-09-02', '2019-09-08', 1566273390, 0),
(62, 17, 13, 1, '2019-09-02', '2019-09-08', 1566273390, 0),
(63, 18, 15, 1, '2019-09-02', '2019-09-08', 1566273390, 0),
(64, 19, 14, 1, '2019-09-02', '2019-09-08', 1566273390, 0),
(65, 20, 12, 1, '2019-09-02', '2019-09-08', 1566273390, 0),
(66, 22, 11, 1, '2019-08-19', '2019-08-25', 1566347614, 0),
(67, 21, 16, 1, '2019-08-19', '2019-08-25', 1566347979, 1566352565),
(68, 21, 16, 1, '2019-08-26', '2019-09-01', 1566352585, 1566352603),
(69, 22, 11, 1, '2019-08-26', '2019-09-01', 1566352585, 0),
(70, 21, 16, 1, '2019-09-02', '2019-09-08', 1566352608, 1567216367),
(71, 22, 11, 1, '2019-09-02', '2019-09-08', 1566352608, 0),
(72, 16, 10, 1, '2019-09-09', '2019-09-15', 1567560042, 0),
(73, 17, 13, 1, '2019-09-09', '2019-09-15', 1567560042, 0),
(74, 18, 15, 1, '2019-09-09', '2019-09-15', 1567560042, 0),
(75, 19, 14, 1, '2019-09-09', '2019-09-15', 1567560042, 0),
(76, 20, 12, 1, '2019-09-09', '2019-09-15', 1567560042, 0),
(77, 21, 16, 1, '2019-09-09', '2019-09-15', 1567560042, 1567560067),
(78, 22, 11, 1, '2019-09-09', '2019-09-15', 1567560042, 0);

-- --------------------------------------------------------

--
-- 表的结构 `dzm_his_scheduling_subsection`
--

CREATE TABLE IF NOT EXISTS `dzm_his_scheduling_subsection` (
  `scheduling_subsection_id` int(10) unsigned NOT NULL AUTO_INCREMENT,
  `subsection_type` int(2) NOT NULL COMMENT '每天的时段：上午：1；下午：2；晚上：3；',
  `scheduling_id` int(10) NOT NULL COMMENT '排班id',
  PRIMARY KEY (`scheduling_subsection_id`),
  KEY `subsection_type` (`subsection_type`) USING BTREE,
  KEY `scheduling_id` (`scheduling_id`) USING BTREE
) ENGINE=InnoDB  DEFAULT CHARSET=utf8 COMMENT='排班时段表' AUTO_INCREMENT=235 ;

--
-- 转存表中的数据 `dzm_his_scheduling_subsection`
--

INSERT INTO `dzm_his_scheduling_subsection` (`scheduling_subsection_id`, `subsection_type`, `scheduling_id`) VALUES
(55, 1, 19),
(56, 2, 19),
(57, 3, 19),
(58, 1, 20),
(59, 2, 20),
(60, 3, 20),
(61, 1, 21),
(62, 2, 21),
(63, 3, 21),
(64, 1, 22),
(65, 2, 22),
(66, 3, 22),
(67, 1, 23),
(68, 2, 23),
(69, 3, 23),
(70, 1, 24),
(71, 2, 24),
(72, 3, 24),
(73, 1, 25),
(74, 2, 25),
(75, 3, 25),
(76, 1, 26),
(77, 2, 26),
(78, 3, 26),
(79, 1, 27),
(80, 2, 27),
(81, 3, 27),
(82, 1, 28),
(83, 2, 28),
(84, 3, 28),
(85, 1, 29),
(86, 2, 29),
(87, 3, 29),
(88, 1, 30),
(89, 2, 30),
(90, 3, 30),
(91, 1, 31),
(92, 2, 31),
(93, 3, 31),
(94, 1, 32),
(95, 2, 32),
(96, 3, 32),
(97, 1, 33),
(98, 2, 33),
(99, 3, 33),
(100, 1, 34),
(101, 2, 34),
(102, 3, 34),
(103, 1, 35),
(104, 2, 35),
(105, 3, 35),
(106, 1, 36),
(107, 2, 36),
(108, 3, 36),
(109, 1, 37),
(110, 2, 37),
(111, 3, 37),
(112, 1, 38),
(113, 2, 38),
(114, 3, 38),
(115, 1, 39),
(116, 2, 39),
(117, 3, 39),
(118, 1, 40),
(119, 2, 40),
(120, 3, 40),
(121, 1, 41),
(122, 2, 41),
(123, 3, 41),
(124, 1, 42),
(125, 2, 42),
(126, 3, 42),
(127, 1, 43),
(128, 2, 43),
(129, 3, 43),
(130, 1, 44),
(131, 2, 44),
(132, 3, 44),
(133, 1, 45),
(134, 2, 45),
(135, 3, 45),
(136, 1, 46),
(137, 2, 46),
(138, 3, 46),
(139, 1, 47),
(140, 2, 47),
(141, 3, 47),
(142, 1, 48),
(143, 2, 48),
(144, 3, 48),
(145, 1, 49),
(146, 2, 49),
(147, 3, 49),
(148, 1, 50),
(149, 2, 50),
(150, 3, 50),
(151, 1, 51),
(152, 2, 51),
(153, 3, 51),
(154, 1, 52),
(155, 2, 52),
(156, 3, 52),
(157, 1, 53),
(158, 2, 53),
(159, 3, 53),
(160, 1, 54),
(161, 2, 54),
(162, 3, 54),
(163, 1, 55),
(164, 2, 55),
(165, 3, 55),
(166, 1, 56),
(167, 2, 56),
(168, 3, 56),
(169, 1, 57),
(170, 2, 57),
(171, 3, 57),
(172, 1, 58),
(173, 2, 58),
(174, 3, 58),
(175, 1, 59),
(176, 2, 59),
(177, 3, 59),
(178, 1, 60),
(179, 2, 60),
(180, 3, 60),
(181, 1, 61),
(182, 2, 61),
(183, 3, 61),
(184, 1, 62),
(185, 2, 62),
(186, 3, 62),
(187, 1, 63),
(188, 2, 63),
(189, 3, 63),
(190, 1, 64),
(191, 2, 64),
(192, 3, 64),
(193, 1, 65),
(194, 2, 65),
(195, 3, 65),
(196, 1, 66),
(197, 2, 66),
(198, 3, 66),
(199, 1, 67),
(200, 2, 67),
(201, 3, 67),
(202, 1, 68),
(203, 2, 68),
(204, 3, 68),
(205, 1, 69),
(206, 2, 69),
(207, 3, 69),
(208, 1, 70),
(209, 2, 70),
(210, 3, 70),
(211, 1, 71),
(212, 2, 71),
(213, 3, 71),
(214, 1, 72),
(215, 2, 72),
(216, 3, 72),
(217, 1, 73),
(218, 2, 73),
(219, 3, 73),
(220, 1, 74),
(221, 2, 74),
(222, 3, 74),
(223, 1, 75),
(224, 2, 75),
(225, 3, 75),
(226, 1, 76),
(227, 2, 76),
(228, 3, 76),
(229, 1, 77),
(230, 2, 77),
(231, 3, 77),
(232, 1, 78),
(233, 2, 78),
(234, 3, 78);

-- --------------------------------------------------------

--
-- 表的结构 `dzm_his_scheduling_week`
--

CREATE TABLE IF NOT EXISTS `dzm_his_scheduling_week` (
  `scheduling_week_id` int(10) unsigned NOT NULL AUTO_INCREMENT,
  `date` varchar(255) NOT NULL COMMENT '时间',
  `week` int(2) NOT NULL COMMENT '星期一：1；星期二：2；星期三：3；星期四：4；星期五：5；星期六：6；星期日：0',
  `registeredfee_id` int(10) DEFAULT NULL COMMENT '挂号费用ID',
  `scheduling_subsection_id` int(10) unsigned NOT NULL COMMENT '排班分段ID',
  PRIMARY KEY (`scheduling_week_id`),
  KEY `date` (`date`) USING BTREE,
  KEY `week` (`week`) USING BTREE,
  KEY `registeredfee_id` (`registeredfee_id`) USING BTREE,
  KEY `scheduling_subsection_id` (`scheduling_subsection_id`) USING BTREE
) ENGINE=InnoDB  DEFAULT CHARSET=utf8 COMMENT='排班星期表' AUTO_INCREMENT=1639 ;

--
-- 转存表中的数据 `dzm_his_scheduling_week`
--

INSERT INTO `dzm_his_scheduling_week` (`scheduling_week_id`, `date`, `week`, `registeredfee_id`, `scheduling_subsection_id`) VALUES
(379, '2019/07/22', 1, NULL, 55),
(380, '2019/07/23', 2, NULL, 55),
(381, '2019/07/24', 3, NULL, 55),
(382, '2019/07/25', 4, NULL, 55),
(383, '2019/07/26', 5, NULL, 55),
(384, '2019/07/27', 6, NULL, 55),
(385, '2019/07/28', 0, NULL, 55),
(386, '2019/07/22', 1, NULL, 56),
(387, '2019/07/23', 2, NULL, 56),
(388, '2019/07/24', 3, NULL, 56),
(389, '2019/07/25', 4, NULL, 56),
(390, '2019/07/26', 5, NULL, 56),
(391, '2019/07/27', 6, NULL, 56),
(392, '2019/07/28', 0, NULL, 56),
(393, '2019/07/22', 1, NULL, 57),
(394, '2019/07/23', 2, NULL, 57),
(395, '2019/07/24', 3, NULL, 57),
(396, '2019/07/25', 4, NULL, 57),
(397, '2019/07/26', 5, NULL, 57),
(398, '2019/07/27', 6, NULL, 57),
(399, '2019/07/28', 0, NULL, 57),
(400, '2019/07/22', 1, NULL, 58),
(401, '2019/07/23', 2, NULL, 58),
(402, '2019/07/24', 3, NULL, 58),
(403, '2019/07/25', 4, NULL, 58),
(404, '2019/07/26', 5, NULL, 58),
(405, '2019/07/27', 6, NULL, 58),
(406, '2019/07/28', 0, NULL, 58),
(407, '2019/07/22', 1, NULL, 59),
(408, '2019/07/23', 2, NULL, 59),
(409, '2019/07/24', 3, NULL, 59),
(410, '2019/07/25', 4, NULL, 59),
(411, '2019/07/26', 5, NULL, 59),
(412, '2019/07/27', 6, NULL, 59),
(413, '2019/07/28', 0, NULL, 59),
(414, '2019/07/22', 1, NULL, 60),
(415, '2019/07/23', 2, NULL, 60),
(416, '2019/07/24', 3, NULL, 60),
(417, '2019/07/25', 4, NULL, 60),
(418, '2019/07/26', 5, NULL, 60),
(419, '2019/07/27', 6, NULL, 60),
(420, '2019/07/28', 0, NULL, 60),
(421, '2019/07/22', 1, NULL, 61),
(422, '2019/07/23', 2, NULL, 61),
(423, '2019/07/24', 3, NULL, 61),
(424, '2019/07/25', 4, NULL, 61),
(425, '2019/07/26', 5, NULL, 61),
(426, '2019/07/27', 6, NULL, 61),
(427, '2019/07/28', 0, NULL, 61),
(428, '2019/07/22', 1, NULL, 62),
(429, '2019/07/23', 2, NULL, 62),
(430, '2019/07/24', 3, NULL, 62),
(431, '2019/07/25', 4, NULL, 62),
(432, '2019/07/26', 5, NULL, 62),
(433, '2019/07/27', 6, NULL, 62),
(434, '2019/07/28', 0, NULL, 62),
(435, '2019/07/22', 1, NULL, 63),
(436, '2019/07/23', 2, NULL, 63),
(437, '2019/07/24', 3, NULL, 63),
(438, '2019/07/25', 4, NULL, 63),
(439, '2019/07/26', 5, NULL, 63),
(440, '2019/07/27', 6, NULL, 63),
(441, '2019/07/28', 0, NULL, 63),
(442, '2019/07/22', 1, NULL, 64),
(443, '2019/07/23', 2, NULL, 64),
(444, '2019/07/24', 3, NULL, 64),
(445, '2019/07/25', 4, NULL, 64),
(446, '2019/07/26', 5, NULL, 64),
(447, '2019/07/27', 6, 4, 64),
(448, '2019/07/28', 0, 5, 64),
(449, '2019/07/22', 1, NULL, 65),
(450, '2019/07/23', 2, NULL, 65),
(451, '2019/07/24', 3, NULL, 65),
(452, '2019/07/25', 4, NULL, 65),
(453, '2019/07/26', 5, NULL, 65),
(454, '2019/07/27', 6, 5, 65),
(455, '2019/07/28', 0, 5, 65),
(456, '2019/07/22', 1, NULL, 66),
(457, '2019/07/23', 2, NULL, 66),
(458, '2019/07/24', 3, NULL, 66),
(459, '2019/07/25', 4, NULL, 66),
(460, '2019/07/26', 5, NULL, 66),
(461, '2019/07/27', 6, 5, 66),
(462, '2019/07/28', 0, NULL, 66),
(463, '2019/07/22', 1, NULL, 67),
(464, '2019/07/23', 2, NULL, 67),
(465, '2019/07/24', 3, NULL, 67),
(466, '2019/07/25', 4, NULL, 67),
(467, '2019/07/26', 5, NULL, 67),
(468, '2019/07/27', 6, 4, 67),
(469, '2019/07/28', 0, 4, 67),
(470, '2019/07/22', 1, NULL, 68),
(471, '2019/07/23', 2, NULL, 68),
(472, '2019/07/24', 3, NULL, 68),
(473, '2019/07/25', 4, NULL, 68),
(474, '2019/07/26', 5, NULL, 68),
(475, '2019/07/27', 6, 4, 68),
(476, '2019/07/28', 0, 4, 68),
(477, '2019/07/22', 1, NULL, 69),
(478, '2019/07/23', 2, NULL, 69),
(479, '2019/07/24', 3, NULL, 69),
(480, '2019/07/25', 4, NULL, 69),
(481, '2019/07/26', 5, NULL, 69),
(482, '2019/07/27', 6, 4, 69),
(483, '2019/07/28', 0, 4, 69),
(484, '2019/07/29', 1, 4, 70),
(485, '2019/07/30', 2, 5, 70),
(486, '2019/07/31', 3, 4, 70),
(487, '2019/08/01', 4, NULL, 70),
(488, '2019/08/02', 5, 5, 70),
(489, '2019/08/03', 6, 5, 70),
(490, '2019/08/04', 0, 4, 70),
(491, '2019/07/29', 1, 4, 71),
(492, '2019/07/30', 2, 5, 71),
(493, '2019/07/31', 3, 4, 71),
(494, '2019/08/01', 4, 5, 71),
(495, '2019/08/02', 5, NULL, 71),
(496, '2019/08/03', 6, NULL, 71),
(497, '2019/08/04', 0, 4, 71),
(498, '2019/07/29', 1, NULL, 72),
(499, '2019/07/30', 2, 5, 72),
(500, '2019/07/31', 3, 4, 72),
(501, '2019/08/01', 4, 5, 72),
(502, '2019/08/02', 5, 4, 72),
(503, '2019/08/03', 6, 5, 72),
(504, '2019/08/04', 0, 4, 72),
(505, '2019/07/29', 1, 4, 73),
(506, '2019/07/30', 2, 5, 73),
(507, '2019/07/31', 3, NULL, 73),
(508, '2019/08/01', 4, 5, 73),
(509, '2019/08/02', 5, 4, 73),
(510, '2019/08/03', 6, NULL, 73),
(511, '2019/08/04', 0, 5, 73),
(512, '2019/07/29', 1, 4, 74),
(513, '2019/07/30', 2, 5, 74),
(514, '2019/07/31', 3, 4, 74),
(515, '2019/08/01', 4, NULL, 74),
(516, '2019/08/02', 5, 4, 74),
(517, '2019/08/03', 6, 4, 74),
(518, '2019/08/04', 0, 5, 74),
(519, '2019/07/29', 1, 4, 75),
(520, '2019/07/30', 2, NULL, 75),
(521, '2019/07/31', 3, 4, 75),
(522, '2019/08/01', 4, 4, 75),
(523, '2019/08/02', 5, 5, 75),
(524, '2019/08/03', 6, 4, 75),
(525, '2019/08/04', 0, 5, 75),
(526, '2019/08/05', 1, NULL, 76),
(527, '2019/08/06', 2, NULL, 76),
(528, '2019/08/07', 3, NULL, 76),
(529, '2019/08/08', 4, NULL, 76),
(530, '2019/08/09', 5, NULL, 76),
(531, '2019/08/10', 6, NULL, 76),
(532, '2019/08/11', 0, NULL, 76),
(533, '2019/08/05', 1, NULL, 77),
(534, '2019/08/06', 2, NULL, 77),
(535, '2019/08/07', 3, NULL, 77),
(536, '2019/08/08', 4, NULL, 77),
(537, '2019/08/09', 5, NULL, 77),
(538, '2019/08/10', 6, NULL, 77),
(539, '2019/08/11', 0, NULL, 77),
(540, '2019/08/05', 1, NULL, 78),
(541, '2019/08/06', 2, NULL, 78),
(542, '2019/08/07', 3, NULL, 78),
(543, '2019/08/08', 4, NULL, 78),
(544, '2019/08/09', 5, NULL, 78),
(545, '2019/08/10', 6, NULL, 78),
(546, '2019/08/11', 0, NULL, 78),
(547, '2019/08/05', 1, NULL, 79),
(548, '2019/08/06', 2, NULL, 79),
(549, '2019/08/07', 3, NULL, 79),
(550, '2019/08/08', 4, NULL, 79),
(551, '2019/08/09', 5, NULL, 79),
(552, '2019/08/10', 6, NULL, 79),
(553, '2019/08/11', 0, NULL, 79),
(554, '2019/08/05', 1, NULL, 80),
(555, '2019/08/06', 2, NULL, 80),
(556, '2019/08/07', 3, NULL, 80),
(557, '2019/08/08', 4, NULL, 80),
(558, '2019/08/09', 5, NULL, 80),
(559, '2019/08/10', 6, NULL, 80),
(560, '2019/08/11', 0, NULL, 80),
(561, '2019/08/05', 1, NULL, 81),
(562, '2019/08/06', 2, NULL, 81),
(563, '2019/08/07', 3, NULL, 81),
(564, '2019/08/08', 4, NULL, 81),
(565, '2019/08/09', 5, NULL, 81),
(566, '2019/08/10', 6, NULL, 81),
(567, '2019/08/11', 0, NULL, 81),
(568, '2019/08/12', 1, NULL, 82),
(569, '2019/08/13', 2, NULL, 82),
(570, '2019/08/14', 3, NULL, 82),
(571, '2019/08/15', 4, NULL, 82),
(572, '2019/08/16', 5, NULL, 82),
(573, '2019/08/17', 6, NULL, 82),
(574, '2019/08/18', 0, NULL, 82),
(575, '2019/08/12', 1, NULL, 83),
(576, '2019/08/13', 2, NULL, 83),
(577, '2019/08/14', 3, NULL, 83),
(578, '2019/08/15', 4, NULL, 83),
(579, '2019/08/16', 5, NULL, 83),
(580, '2019/08/17', 6, NULL, 83),
(581, '2019/08/18', 0, NULL, 83),
(582, '2019/08/12', 1, NULL, 84),
(583, '2019/08/13', 2, NULL, 84),
(584, '2019/08/14', 3, NULL, 84),
(585, '2019/08/15', 4, NULL, 84),
(586, '2019/08/16', 5, NULL, 84),
(587, '2019/08/17', 6, NULL, 84),
(588, '2019/08/18', 0, NULL, 84),
(589, '2019/08/12', 1, NULL, 85),
(590, '2019/08/13', 2, NULL, 85),
(591, '2019/08/14', 3, NULL, 85),
(592, '2019/08/15', 4, NULL, 85),
(593, '2019/08/16', 5, NULL, 85),
(594, '2019/08/17', 6, NULL, 85),
(595, '2019/08/18', 0, NULL, 85),
(596, '2019/08/12', 1, NULL, 86),
(597, '2019/08/13', 2, NULL, 86),
(598, '2019/08/14', 3, NULL, 86),
(599, '2019/08/15', 4, NULL, 86),
(600, '2019/08/16', 5, NULL, 86),
(601, '2019/08/17', 6, NULL, 86),
(602, '2019/08/18', 0, NULL, 86),
(603, '2019/08/12', 1, NULL, 87),
(604, '2019/08/13', 2, NULL, 87),
(605, '2019/08/14', 3, NULL, 87),
(606, '2019/08/15', 4, NULL, 87),
(607, '2019/08/16', 5, NULL, 87),
(608, '2019/08/17', 6, NULL, 87),
(609, '2019/08/18', 0, NULL, 87),
(610, '2019/07/29', 1, NULL, 88),
(611, '2019/07/30', 2, NULL, 88),
(612, '2019/07/31', 3, NULL, 88),
(613, '2019/08/01', 4, NULL, 88),
(614, '2019/08/02', 5, NULL, 88),
(615, '2019/08/03', 6, NULL, 88),
(616, '2019/08/04', 0, NULL, 88),
(617, '2019/07/29', 1, NULL, 89),
(618, '2019/07/30', 2, NULL, 89),
(619, '2019/07/31', 3, NULL, 89),
(620, '2019/08/01', 4, NULL, 89),
(621, '2019/08/02', 5, NULL, 89),
(622, '2019/08/03', 6, NULL, 89),
(623, '2019/08/04', 0, NULL, 89),
(624, '2019/07/29', 1, NULL, 90),
(625, '2019/07/30', 2, NULL, 90),
(626, '2019/07/31', 3, NULL, 90),
(627, '2019/08/01', 4, NULL, 90),
(628, '2019/08/02', 5, NULL, 90),
(629, '2019/08/03', 6, NULL, 90),
(630, '2019/08/04', 0, NULL, 90),
(631, '2019/07/29', 1, 4, 91),
(632, '2019/07/30', 2, NULL, 91),
(633, '2019/07/31', 3, 4, 91),
(634, '2019/08/01', 4, 7, 91),
(635, '2019/08/02', 5, NULL, 91),
(636, '2019/08/03', 6, 7, 91),
(637, '2019/08/04', 0, NULL, 91),
(638, '2019/07/29', 1, NULL, 92),
(639, '2019/07/30', 2, NULL, 92),
(640, '2019/07/31', 3, NULL, 92),
(641, '2019/08/01', 4, 7, 92),
(642, '2019/08/02', 5, NULL, 92),
(643, '2019/08/03', 6, 7, 92),
(644, '2019/08/04', 0, 4, 92),
(645, '2019/07/29', 1, 7, 93),
(646, '2019/07/30', 2, 7, 93),
(647, '2019/07/31', 3, NULL, 93),
(648, '2019/08/01', 4, NULL, 93),
(649, '2019/08/02', 5, 4, 93),
(650, '2019/08/03', 6, NULL, 93),
(651, '2019/08/04', 0, NULL, 93),
(652, '2019/07/22', 1, NULL, 94),
(653, '2019/07/23', 2, NULL, 94),
(654, '2019/07/24', 3, NULL, 94),
(655, '2019/07/25', 4, NULL, 94),
(656, '2019/07/26', 5, NULL, 94),
(657, '2019/07/27', 6, NULL, 94),
(658, '2019/07/28', 0, NULL, 94),
(659, '2019/07/22', 1, NULL, 95),
(660, '2019/07/23', 2, NULL, 95),
(661, '2019/07/24', 3, NULL, 95),
(662, '2019/07/25', 4, NULL, 95),
(663, '2019/07/26', 5, NULL, 95),
(664, '2019/07/27', 6, NULL, 95),
(665, '2019/07/28', 0, NULL, 95),
(666, '2019/07/22', 1, NULL, 96),
(667, '2019/07/23', 2, NULL, 96),
(668, '2019/07/24', 3, NULL, 96),
(669, '2019/07/25', 4, NULL, 96),
(670, '2019/07/26', 5, NULL, 96),
(671, '2019/07/27', 6, NULL, 96),
(672, '2019/07/28', 0, NULL, 96),
(673, '2019/07/22', 1, NULL, 97),
(674, '2019/07/23', 2, NULL, 97),
(675, '2019/07/24', 3, NULL, 97),
(676, '2019/07/25', 4, NULL, 97),
(677, '2019/07/26', 5, NULL, 97),
(678, '2019/07/27', 6, NULL, 97),
(679, '2019/07/28', 0, NULL, 97),
(680, '2019/07/22', 1, NULL, 98),
(681, '2019/07/23', 2, NULL, 98),
(682, '2019/07/24', 3, NULL, 98),
(683, '2019/07/25', 4, NULL, 98),
(684, '2019/07/26', 5, NULL, 98),
(685, '2019/07/27', 6, NULL, 98),
(686, '2019/07/28', 0, NULL, 98),
(687, '2019/07/22', 1, NULL, 99),
(688, '2019/07/23', 2, NULL, 99),
(689, '2019/07/24', 3, NULL, 99),
(690, '2019/07/25', 4, NULL, 99),
(691, '2019/07/26', 5, NULL, 99),
(692, '2019/07/27', 6, NULL, 99),
(693, '2019/07/28', 0, NULL, 99),
(694, '2019/07/22', 1, NULL, 100),
(695, '2019/07/23', 2, NULL, 100),
(696, '2019/07/24', 3, NULL, 100),
(697, '2019/07/25', 4, NULL, 100),
(698, '2019/07/26', 5, NULL, 100),
(699, '2019/07/27', 6, NULL, 100),
(700, '2019/07/28', 0, NULL, 100),
(701, '2019/07/22', 1, NULL, 101),
(702, '2019/07/23', 2, NULL, 101),
(703, '2019/07/24', 3, NULL, 101),
(704, '2019/07/25', 4, NULL, 101),
(705, '2019/07/26', 5, NULL, 101),
(706, '2019/07/27', 6, NULL, 101),
(707, '2019/07/28', 0, NULL, 101),
(708, '2019/07/22', 1, NULL, 102),
(709, '2019/07/23', 2, NULL, 102),
(710, '2019/07/24', 3, NULL, 102),
(711, '2019/07/25', 4, NULL, 102),
(712, '2019/07/26', 5, NULL, 102),
(713, '2019/07/27', 6, NULL, 102),
(714, '2019/07/28', 0, NULL, 102),
(715, '2019/08/05', 1, NULL, 103),
(716, '2019/08/06', 2, NULL, 103),
(717, '2019/08/07', 3, NULL, 103),
(718, '2019/08/08', 4, NULL, 103),
(719, '2019/08/09', 5, NULL, 103),
(720, '2019/08/10', 6, NULL, 103),
(721, '2019/08/11', 0, NULL, 103),
(722, '2019/08/05', 1, NULL, 104),
(723, '2019/08/06', 2, NULL, 104),
(724, '2019/08/07', 3, NULL, 104),
(725, '2019/08/08', 4, NULL, 104),
(726, '2019/08/09', 5, NULL, 104),
(727, '2019/08/10', 6, NULL, 104),
(728, '2019/08/11', 0, NULL, 104),
(729, '2019/08/05', 1, NULL, 105),
(730, '2019/08/06', 2, NULL, 105),
(731, '2019/08/07', 3, NULL, 105),
(732, '2019/08/08', 4, NULL, 105),
(733, '2019/08/09', 5, NULL, 105),
(734, '2019/08/10', 6, NULL, 105),
(735, '2019/08/11', 0, NULL, 105),
(736, '2019/08/05', 1, 7, 106),
(737, '2019/08/06', 2, 4, 106),
(738, '2019/08/07', 3, NULL, 106),
(739, '2019/08/08', 4, 7, 106),
(740, '2019/08/09', 5, 4, 106),
(741, '2019/08/10', 6, 7, 106),
(742, '2019/08/11', 0, 7, 106),
(743, '2019/08/05', 1, NULL, 107),
(744, '2019/08/06', 2, NULL, 107),
(745, '2019/08/07', 3, NULL, 107),
(746, '2019/08/08', 4, NULL, 107),
(747, '2019/08/09', 5, NULL, 107),
(748, '2019/08/10', 6, NULL, 107),
(749, '2019/08/11', 0, NULL, 107),
(750, '2019/08/05', 1, NULL, 108),
(751, '2019/08/06', 2, NULL, 108),
(752, '2019/08/07', 3, NULL, 108),
(753, '2019/08/08', 4, NULL, 108),
(754, '2019/08/09', 5, NULL, 108),
(755, '2019/08/10', 6, NULL, 108),
(756, '2019/08/11', 0, NULL, 108),
(757, '2019/08/05', 1, 4, 109),
(758, '2019/08/06', 2, 4, 109),
(759, '2019/08/07', 3, 4, 109),
(760, '2019/08/08', 4, 7, 109),
(761, '2019/08/09', 5, 7, 109),
(762, '2019/08/10', 6, NULL, 109),
(763, '2019/08/11', 0, NULL, 109),
(764, '2019/08/05', 1, NULL, 110),
(765, '2019/08/06', 2, NULL, 110),
(766, '2019/08/07', 3, NULL, 110),
(767, '2019/08/08', 4, NULL, 110),
(768, '2019/08/09', 5, NULL, 110),
(769, '2019/08/10', 6, NULL, 110),
(770, '2019/08/11', 0, NULL, 110),
(771, '2019/08/05', 1, NULL, 111),
(772, '2019/08/06', 2, NULL, 111),
(773, '2019/08/07', 3, NULL, 111),
(774, '2019/08/08', 4, NULL, 111),
(775, '2019/08/09', 5, NULL, 111),
(776, '2019/08/10', 6, NULL, 111),
(777, '2019/08/11', 0, NULL, 111),
(778, '2019/08/12', 1, 7, 112),
(779, '2019/08/13', 2, 7, 112),
(780, '2019/08/14', 3, 7, 112),
(781, '2019/08/15', 4, 7, 112),
(782, '2019/08/16', 5, 7, 112),
(783, '2019/08/17', 6, 7, 112),
(784, '2019/08/18', 0, 7, 112),
(785, '2019/08/12', 1, 7, 113),
(786, '2019/08/13', 2, 7, 113),
(787, '2019/08/14', 3, 7, 113),
(788, '2019/08/15', 4, 7, 113),
(789, '2019/08/16', 5, 7, 113),
(790, '2019/08/17', 6, 7, 113),
(791, '2019/08/18', 0, 7, 113),
(792, '2019/08/12', 1, NULL, 114),
(793, '2019/08/13', 2, NULL, 114),
(794, '2019/08/14', 3, NULL, 114),
(795, '2019/08/15', 4, NULL, 114),
(796, '2019/08/16', 5, NULL, 114),
(797, '2019/08/17', 6, NULL, 114),
(798, '2019/08/18', 0, NULL, 114),
(799, '2019/08/12', 1, 7, 115),
(800, '2019/08/13', 2, 7, 115),
(801, '2019/08/14', 3, 7, 115),
(802, '2019/08/15', 4, 7, 115),
(803, '2019/08/16', 5, 7, 115),
(804, '2019/08/17', 6, 7, 115),
(805, '2019/08/18', 0, 0, 115),
(806, '2019/08/12', 1, 7, 116),
(807, '2019/08/13', 2, 7, 116),
(808, '2019/08/14', 3, 7, 116),
(809, '2019/08/15', 4, 7, 116),
(810, '2019/08/16', 5, 7, 116),
(811, '2019/08/17', 6, 7, 116),
(812, '2019/08/18', 0, NULL, 116),
(813, '2019/08/12', 1, NULL, 117),
(814, '2019/08/13', 2, NULL, 117),
(815, '2019/08/14', 3, NULL, 117),
(816, '2019/08/15', 4, NULL, 117),
(817, '2019/08/16', 5, NULL, 117),
(818, '2019/08/17', 6, NULL, 117),
(819, '2019/08/18', 0, NULL, 117),
(820, '2013/09/16', 1, 7, 118),
(821, '2013/09/17', 2, NULL, 118),
(822, '2013/09/18', 3, 7, 118),
(823, '2013/09/19', 4, NULL, 118),
(824, '2013/09/20', 5, NULL, 118),
(825, '2013/09/21', 6, NULL, 118),
(826, '2013/09/22', 0, NULL, 118),
(827, '2013/09/16', 1, NULL, 119),
(828, '2013/09/17', 2, 7, 119),
(829, '2013/09/18', 3, NULL, 119),
(830, '2013/09/19', 4, NULL, 119),
(831, '2013/09/20', 5, NULL, 119),
(832, '2013/09/21', 6, NULL, 119),
(833, '2013/09/22', 0, NULL, 119),
(834, '2013/09/16', 1, NULL, 120),
(835, '2013/09/17', 2, NULL, 120),
(836, '2013/09/18', 3, NULL, 120),
(837, '2013/09/19', 4, NULL, 120),
(838, '2013/09/20', 5, NULL, 120),
(839, '2013/09/21', 6, NULL, 120),
(840, '2013/09/22', 0, NULL, 120),
(841, '2013/09/16', 1, NULL, 121),
(842, '2013/09/17', 2, NULL, 121),
(843, '2013/09/18', 3, NULL, 121),
(844, '2013/09/19', 4, NULL, 121),
(845, '2013/09/20', 5, NULL, 121),
(846, '2013/09/21', 6, NULL, 121),
(847, '2013/09/22', 0, NULL, 121),
(848, '2013/09/16', 1, NULL, 122),
(849, '2013/09/17', 2, NULL, 122),
(850, '2013/09/18', 3, NULL, 122),
(851, '2013/09/19', 4, NULL, 122),
(852, '2013/09/20', 5, NULL, 122),
(853, '2013/09/21', 6, NULL, 122),
(854, '2013/09/22', 0, NULL, 122),
(855, '2013/09/16', 1, NULL, 123),
(856, '2013/09/17', 2, NULL, 123),
(857, '2013/09/18', 3, NULL, 123),
(858, '2013/09/19', 4, NULL, 123),
(859, '2013/09/20', 5, NULL, 123),
(860, '2013/09/21', 6, NULL, 123),
(861, '2013/09/22', 0, NULL, 123),
(862, '2013/09/16', 1, NULL, 124),
(863, '2013/09/17', 2, NULL, 124),
(864, '2013/09/18', 3, NULL, 124),
(865, '2013/09/19', 4, NULL, 124),
(866, '2013/09/20', 5, NULL, 124),
(867, '2013/09/21', 6, NULL, 124),
(868, '2013/09/22', 0, NULL, 124),
(869, '2013/09/16', 1, NULL, 125),
(870, '2013/09/17', 2, NULL, 125),
(871, '2013/09/18', 3, NULL, 125),
(872, '2013/09/19', 4, NULL, 125),
(873, '2013/09/20', 5, NULL, 125),
(874, '2013/09/21', 6, NULL, 125),
(875, '2013/09/22', 0, NULL, 125),
(876, '2013/09/16', 1, NULL, 126),
(877, '2013/09/17', 2, NULL, 126),
(878, '2013/09/18', 3, NULL, 126),
(879, '2013/09/19', 4, NULL, 126),
(880, '2013/09/20', 5, NULL, 126),
(881, '2013/09/21', 6, NULL, 126),
(882, '2013/09/22', 0, NULL, 126),
(883, '2019/08/12', 1, 7, 127),
(884, '2019/08/13', 2, 7, 127),
(885, '2019/08/14', 3, 7, 127),
(886, '2019/08/15', 4, 7, 127),
(887, '2019/08/16', 5, 9, 127),
(888, '2019/08/17', 6, 9, 127),
(889, '2019/08/18', 0, NULL, 127),
(890, '2019/08/12', 1, 7, 128),
(891, '2019/08/13', 2, 7, 128),
(892, '2019/08/14', 3, 7, 128),
(893, '2019/08/15', 4, 7, 128),
(894, '2019/08/16', 5, 9, 128),
(895, '2019/08/17', 6, 7, 128),
(896, '2019/08/18', 0, NULL, 128),
(897, '2019/08/12', 1, NULL, 129),
(898, '2019/08/13', 2, NULL, 129),
(899, '2019/08/14', 3, NULL, 129),
(900, '2019/08/15', 4, NULL, 129),
(901, '2019/08/16', 5, 9, 129),
(902, '2019/08/17', 6, NULL, 129),
(903, '2019/08/18', 0, NULL, 129),
(904, '2019/08/12', 1, 9, 130),
(905, '2019/08/13', 2, NULL, 130),
(906, '2019/08/14', 3, NULL, 130),
(907, '2019/08/15', 4, NULL, 130),
(908, '2019/08/16', 5, NULL, 130),
(909, '2019/08/17', 6, NULL, 130),
(910, '2019/08/18', 0, NULL, 130),
(911, '2019/08/12', 1, NULL, 131),
(912, '2019/08/13', 2, NULL, 131),
(913, '2019/08/14', 3, NULL, 131),
(914, '2019/08/15', 4, 9, 131),
(915, '2019/08/16', 5, NULL, 131),
(916, '2019/08/17', 6, NULL, 131),
(917, '2019/08/18', 0, NULL, 131),
(918, '2019/08/12', 1, NULL, 132),
(919, '2019/08/13', 2, 9, 132),
(920, '2019/08/14', 3, NULL, 132),
(921, '2019/08/15', 4, NULL, 132),
(922, '2019/08/16', 5, NULL, 132),
(923, '2019/08/17', 6, 9, 132),
(924, '2019/08/18', 0, NULL, 132),
(925, '2019/08/12', 1, 7, 133),
(926, '2019/08/13', 2, 7, 133),
(927, '2019/08/14', 3, 7, 133),
(928, '2019/08/15', 4, 7, 133),
(929, '2019/08/16', 5, 7, 133),
(930, '2019/08/17', 6, 7, 133),
(931, '2019/08/18', 0, NULL, 133),
(932, '2019/08/12', 1, 7, 134),
(933, '2019/08/13', 2, 7, 134),
(934, '2019/08/14', 3, 7, 134),
(935, '2019/08/15', 4, 7, 134),
(936, '2019/08/16', 5, 7, 134),
(937, '2019/08/17', 6, 7, 134),
(938, '2019/08/18', 0, NULL, 134),
(939, '2019/08/12', 1, NULL, 135),
(940, '2019/08/13', 2, NULL, 135),
(941, '2019/08/14', 3, NULL, 135),
(942, '2019/08/15', 4, NULL, 135),
(943, '2019/08/16', 5, NULL, 135),
(944, '2019/08/17', 6, NULL, 135),
(945, '2019/08/18', 0, NULL, 135),
(946, '2013/09/23', 1, NULL, 136),
(947, '2013/09/24', 2, NULL, 136),
(948, '2013/09/25', 3, NULL, 136),
(949, '2013/09/26', 4, NULL, 136),
(950, '2013/09/27', 5, NULL, 136),
(951, '2013/09/28', 6, NULL, 136),
(952, '2013/09/29', 0, NULL, 136),
(953, '2013/09/23', 1, NULL, 137),
(954, '2013/09/24', 2, NULL, 137),
(955, '2013/09/25', 3, NULL, 137),
(956, '2013/09/26', 4, NULL, 137),
(957, '2013/09/27', 5, NULL, 137),
(958, '2013/09/28', 6, NULL, 137),
(959, '2013/09/29', 0, NULL, 137),
(960, '2013/09/23', 1, NULL, 138),
(961, '2013/09/24', 2, NULL, 138),
(962, '2013/09/25', 3, NULL, 138),
(963, '2013/09/26', 4, NULL, 138),
(964, '2013/09/27', 5, NULL, 138),
(965, '2013/09/28', 6, NULL, 138),
(966, '2013/09/29', 0, NULL, 138),
(967, '2019/08/19', 1, NULL, 139),
(968, '2019/08/20', 2, NULL, 139),
(969, '2019/08/21', 3, NULL, 139),
(970, '2019/08/22', 4, NULL, 139),
(971, '2019/08/23', 5, NULL, 139),
(972, '2019/08/24', 6, NULL, 139),
(973, '2019/08/25', 0, NULL, 139),
(974, '2019/08/19', 1, NULL, 140),
(975, '2019/08/20', 2, NULL, 140),
(976, '2019/08/21', 3, NULL, 140),
(977, '2019/08/22', 4, NULL, 140),
(978, '2019/08/23', 5, NULL, 140),
(979, '2019/08/24', 6, NULL, 140),
(980, '2019/08/25', 0, NULL, 140),
(981, '2019/08/19', 1, NULL, 141),
(982, '2019/08/20', 2, NULL, 141),
(983, '2019/08/21', 3, NULL, 141),
(984, '2019/08/22', 4, NULL, 141),
(985, '2019/08/23', 5, NULL, 141),
(986, '2019/08/24', 6, NULL, 141),
(987, '2019/08/25', 0, NULL, 141),
(988, '2019/08/26', 1, NULL, 142),
(989, '2019/08/27', 2, NULL, 142),
(990, '2019/08/28', 3, NULL, 142),
(991, '2019/08/29', 4, NULL, 142),
(992, '2019/08/30', 5, NULL, 142),
(993, '2019/08/31', 6, NULL, 142),
(994, '2019/09/01', 0, NULL, 142),
(995, '2019/08/26', 1, NULL, 143),
(996, '2019/08/27', 2, NULL, 143),
(997, '2019/08/28', 3, NULL, 143),
(998, '2019/08/29', 4, NULL, 143),
(999, '2019/08/30', 5, NULL, 143),
(1000, '2019/08/31', 6, NULL, 143),
(1001, '2019/09/01', 0, NULL, 143),
(1002, '2019/08/26', 1, NULL, 144),
(1003, '2019/08/27', 2, NULL, 144),
(1004, '2019/08/28', 3, NULL, 144),
(1005, '2019/08/29', 4, NULL, 144),
(1006, '2019/08/30', 5, NULL, 144),
(1007, '2019/08/31', 6, NULL, 144),
(1008, '2019/09/01', 0, NULL, 144),
(1009, '2019/09/02', 1, NULL, 145),
(1010, '2019/09/03', 2, NULL, 145),
(1011, '2019/09/04', 3, NULL, 145),
(1012, '2019/09/05', 4, NULL, 145),
(1013, '2019/09/06', 5, NULL, 145),
(1014, '2019/09/07', 6, NULL, 145),
(1015, '2019/09/08', 0, NULL, 145),
(1016, '2019/09/02', 1, NULL, 146),
(1017, '2019/09/03', 2, NULL, 146),
(1018, '2019/09/04', 3, NULL, 146),
(1019, '2019/09/05', 4, NULL, 146),
(1020, '2019/09/06', 5, NULL, 146),
(1021, '2019/09/07', 6, NULL, 146),
(1022, '2019/09/08', 0, NULL, 146),
(1023, '2019/09/02', 1, NULL, 147),
(1024, '2019/09/03', 2, NULL, 147),
(1025, '2019/09/04', 3, NULL, 147),
(1026, '2019/09/05', 4, NULL, 147),
(1027, '2019/09/06', 5, NULL, 147),
(1028, '2019/09/07', 6, NULL, 147),
(1029, '2019/09/08', 0, NULL, 147),
(1030, '2019/09/09', 1, NULL, 148),
(1031, '2019/09/10', 2, NULL, 148),
(1032, '2019/09/11', 3, NULL, 148),
(1033, '2019/09/12', 4, NULL, 148),
(1034, '2019/09/13', 5, NULL, 148),
(1035, '2019/09/14', 6, NULL, 148),
(1036, '2019/09/15', 0, NULL, 148),
(1037, '2019/09/09', 1, NULL, 149),
(1038, '2019/09/10', 2, NULL, 149),
(1039, '2019/09/11', 3, NULL, 149),
(1040, '2019/09/12', 4, NULL, 149),
(1041, '2019/09/13', 5, NULL, 149),
(1042, '2019/09/14', 6, NULL, 149),
(1043, '2019/09/15', 0, NULL, 149),
(1044, '2019/09/09', 1, NULL, 150),
(1045, '2019/09/10', 2, NULL, 150),
(1046, '2019/09/11', 3, NULL, 150),
(1047, '2019/09/12', 4, NULL, 150),
(1048, '2019/09/13', 5, NULL, 150),
(1049, '2019/09/14', 6, NULL, 150),
(1050, '2019/09/15', 0, NULL, 150),
(1051, '2019/08/19', 1, 9, 151),
(1052, '2019/08/20', 2, 9, 151),
(1053, '2019/08/21', 3, 9, 151),
(1054, '2019/08/22', 4, 9, 151),
(1055, '2019/08/23', 5, 9, 151),
(1056, '2019/08/24', 6, 9, 151),
(1057, '2019/08/25', 0, 0, 151),
(1058, '2019/08/19', 1, 9, 152),
(1059, '2019/08/20', 2, 9, 152),
(1060, '2019/08/21', 3, 9, 152),
(1061, '2019/08/22', 4, 9, 152),
(1062, '2019/08/23', 5, 9, 152),
(1063, '2019/08/24', 6, 9, 152),
(1064, '2019/08/25', 0, NULL, 152),
(1065, '2019/08/19', 1, NULL, 153),
(1066, '2019/08/20', 2, NULL, 153),
(1067, '2019/08/21', 3, NULL, 153),
(1068, '2019/08/22', 4, NULL, 153),
(1069, '2019/08/23', 5, NULL, 153),
(1070, '2019/08/24', 6, NULL, 153),
(1071, '2019/08/25', 0, NULL, 153),
(1072, '2019/08/19', 1, 0, 154),
(1073, '2019/08/20', 2, 0, 154),
(1074, '2019/08/21', 3, 0, 154),
(1075, '2019/08/22', 4, 0, 154),
(1076, '2019/08/23', 5, 0, 154),
(1077, '2019/08/24', 6, 0, 154),
(1078, '2019/08/25', 0, NULL, 154),
(1079, '2019/08/19', 1, 0, 155),
(1080, '2019/08/20', 2, 0, 155),
(1081, '2019/08/21', 3, 0, 155),
(1082, '2019/08/22', 4, 0, 155),
(1083, '2019/08/23', 5, 0, 155),
(1084, '2019/08/24', 6, 0, 155),
(1085, '2019/08/25', 0, NULL, 155),
(1086, '2019/08/19', 1, NULL, 156),
(1087, '2019/08/20', 2, NULL, 156),
(1088, '2019/08/21', 3, NULL, 156),
(1089, '2019/08/22', 4, NULL, 156),
(1090, '2019/08/23', 5, NULL, 156),
(1091, '2019/08/24', 6, NULL, 156),
(1092, '2019/08/25', 0, NULL, 156),
(1093, '2019/08/19', 1, 9, 157),
(1094, '2019/08/20', 2, 9, 157),
(1095, '2019/08/21', 3, 9, 157),
(1096, '2019/08/22', 4, 9, 157),
(1097, '2019/08/23', 5, 9, 157),
(1098, '2019/08/24', 6, 9, 157),
(1099, '2019/08/25', 0, NULL, 157),
(1100, '2019/08/19', 1, 9, 158),
(1101, '2019/08/20', 2, 9, 158),
(1102, '2019/08/21', 3, 9, 158),
(1103, '2019/08/22', 4, 9, 158),
(1104, '2019/08/23', 5, 9, 158),
(1105, '2019/08/24', 6, 9, 158),
(1106, '2019/08/25', 0, NULL, 158),
(1107, '2019/08/19', 1, NULL, 159),
(1108, '2019/08/20', 2, NULL, 159),
(1109, '2019/08/21', 3, NULL, 159),
(1110, '2019/08/22', 4, NULL, 159),
(1111, '2019/08/23', 5, NULL, 159),
(1112, '2019/08/24', 6, NULL, 159),
(1113, '2019/08/25', 0, NULL, 159),
(1114, '2019/08/19', 1, 9, 160),
(1115, '2019/08/20', 2, 9, 160),
(1116, '2019/08/21', 3, 9, 160),
(1117, '2019/08/22', 4, 9, 160),
(1118, '2019/08/23', 5, 9, 160),
(1119, '2019/08/24', 6, 9, 160),
(1120, '2019/08/25', 0, NULL, 160),
(1121, '2019/08/19', 1, 9, 161),
(1122, '2019/08/20', 2, 9, 161),
(1123, '2019/08/21', 3, 9, 161),
(1124, '2019/08/22', 4, 9, 161),
(1125, '2019/08/23', 5, 9, 161),
(1126, '2019/08/24', 6, 9, 161),
(1127, '2019/08/25', 0, NULL, 161),
(1128, '2019/08/19', 1, NULL, 162),
(1129, '2019/08/20', 2, NULL, 162),
(1130, '2019/08/21', 3, NULL, 162),
(1131, '2019/08/22', 4, NULL, 162),
(1132, '2019/08/23', 5, NULL, 162),
(1133, '2019/08/24', 6, NULL, 162),
(1134, '2019/08/25', 0, NULL, 162),
(1135, '2019/08/19', 1, 9, 163),
(1136, '2019/08/20', 2, 9, 163),
(1137, '2019/08/21', 3, 9, 163),
(1138, '2019/08/22', 4, 9, 163),
(1139, '2019/08/23', 5, 9, 163),
(1140, '2019/08/24', 6, 9, 163),
(1141, '2019/08/25', 0, NULL, 163),
(1142, '2019/08/19', 1, 9, 164),
(1143, '2019/08/20', 2, 9, 164),
(1144, '2019/08/21', 3, 9, 164),
(1145, '2019/08/22', 4, 9, 164),
(1146, '2019/08/23', 5, 9, 164),
(1147, '2019/08/24', 6, 9, 164),
(1148, '2019/08/25', 0, NULL, 164),
(1149, '2019/08/19', 1, NULL, 165),
(1150, '2019/08/20', 2, NULL, 165),
(1151, '2019/08/21', 3, NULL, 165),
(1152, '2019/08/22', 4, NULL, 165),
(1153, '2019/08/23', 5, NULL, 165),
(1154, '2019/08/24', 6, NULL, 165),
(1155, '2019/08/25', 0, NULL, 165),
(1156, '2019/08/26', 1, NULL, 166),
(1157, '2019/08/27', 2, NULL, 166),
(1158, '2019/08/28', 3, NULL, 166),
(1159, '2019/08/29', 4, NULL, 166),
(1160, '2019/08/30', 5, NULL, 166),
(1161, '2019/08/31', 6, NULL, 166),
(1162, '2019/09/01', 0, NULL, 166),
(1163, '2019/08/26', 1, NULL, 167),
(1164, '2019/08/27', 2, NULL, 167),
(1165, '2019/08/28', 3, NULL, 167),
(1166, '2019/08/29', 4, NULL, 167),
(1167, '2019/08/30', 5, NULL, 167),
(1168, '2019/08/31', 6, NULL, 167),
(1169, '2019/09/01', 0, NULL, 167),
(1170, '2019/08/26', 1, NULL, 168),
(1171, '2019/08/27', 2, NULL, 168),
(1172, '2019/08/28', 3, NULL, 168),
(1173, '2019/08/29', 4, NULL, 168),
(1174, '2019/08/30', 5, NULL, 168),
(1175, '2019/08/31', 6, NULL, 168),
(1176, '2019/09/01', 0, NULL, 168),
(1177, '2019/08/26', 1, NULL, 169),
(1178, '2019/08/27', 2, NULL, 169),
(1179, '2019/08/28', 3, NULL, 169),
(1180, '2019/08/29', 4, NULL, 169),
(1181, '2019/08/30', 5, NULL, 169),
(1182, '2019/08/31', 6, NULL, 169),
(1183, '2019/09/01', 0, NULL, 169),
(1184, '2019/08/26', 1, NULL, 170),
(1185, '2019/08/27', 2, NULL, 170),
(1186, '2019/08/28', 3, NULL, 170),
(1187, '2019/08/29', 4, NULL, 170),
(1188, '2019/08/30', 5, NULL, 170),
(1189, '2019/08/31', 6, NULL, 170),
(1190, '2019/09/01', 0, NULL, 170),
(1191, '2019/08/26', 1, NULL, 171),
(1192, '2019/08/27', 2, NULL, 171),
(1193, '2019/08/28', 3, NULL, 171),
(1194, '2019/08/29', 4, NULL, 171),
(1195, '2019/08/30', 5, NULL, 171),
(1196, '2019/08/31', 6, NULL, 171),
(1197, '2019/09/01', 0, NULL, 171),
(1198, '2019/08/26', 1, NULL, 172),
(1199, '2019/08/27', 2, NULL, 172),
(1200, '2019/08/28', 3, NULL, 172),
(1201, '2019/08/29', 4, NULL, 172),
(1202, '2019/08/30', 5, NULL, 172),
(1203, '2019/08/31', 6, NULL, 172),
(1204, '2019/09/01', 0, NULL, 172),
(1205, '2019/08/26', 1, NULL, 173),
(1206, '2019/08/27', 2, NULL, 173),
(1207, '2019/08/28', 3, NULL, 173),
(1208, '2019/08/29', 4, NULL, 173),
(1209, '2019/08/30', 5, NULL, 173),
(1210, '2019/08/31', 6, NULL, 173),
(1211, '2019/09/01', 0, NULL, 173),
(1212, '2019/08/26', 1, NULL, 174),
(1213, '2019/08/27', 2, NULL, 174),
(1214, '2019/08/28', 3, NULL, 174),
(1215, '2019/08/29', 4, NULL, 174),
(1216, '2019/08/30', 5, NULL, 174),
(1217, '2019/08/31', 6, NULL, 174),
(1218, '2019/09/01', 0, NULL, 174),
(1219, '2019/08/26', 1, NULL, 175),
(1220, '2019/08/27', 2, NULL, 175),
(1221, '2019/08/28', 3, NULL, 175),
(1222, '2019/08/29', 4, NULL, 175),
(1223, '2019/08/30', 5, NULL, 175),
(1224, '2019/08/31', 6, NULL, 175),
(1225, '2019/09/01', 0, NULL, 175),
(1226, '2019/08/26', 1, NULL, 176),
(1227, '2019/08/27', 2, NULL, 176),
(1228, '2019/08/28', 3, NULL, 176),
(1229, '2019/08/29', 4, NULL, 176),
(1230, '2019/08/30', 5, NULL, 176),
(1231, '2019/08/31', 6, NULL, 176),
(1232, '2019/09/01', 0, NULL, 176),
(1233, '2019/08/26', 1, NULL, 177),
(1234, '2019/08/27', 2, NULL, 177),
(1235, '2019/08/28', 3, NULL, 177),
(1236, '2019/08/29', 4, NULL, 177),
(1237, '2019/08/30', 5, NULL, 177),
(1238, '2019/08/31', 6, NULL, 177),
(1239, '2019/09/01', 0, NULL, 177),
(1240, '2019/08/26', 1, NULL, 178),
(1241, '2019/08/27', 2, NULL, 178),
(1242, '2019/08/28', 3, NULL, 178),
(1243, '2019/08/29', 4, NULL, 178),
(1244, '2019/08/30', 5, NULL, 178),
(1245, '2019/08/31', 6, NULL, 178),
(1246, '2019/09/01', 0, NULL, 178),
(1247, '2019/08/26', 1, NULL, 179),
(1248, '2019/08/27', 2, NULL, 179),
(1249, '2019/08/28', 3, NULL, 179),
(1250, '2019/08/29', 4, NULL, 179),
(1251, '2019/08/30', 5, NULL, 179),
(1252, '2019/08/31', 6, NULL, 179),
(1253, '2019/09/01', 0, NULL, 179),
(1254, '2019/08/26', 1, NULL, 180),
(1255, '2019/08/27', 2, NULL, 180),
(1256, '2019/08/28', 3, NULL, 180),
(1257, '2019/08/29', 4, NULL, 180),
(1258, '2019/08/30', 5, NULL, 180),
(1259, '2019/08/31', 6, NULL, 180),
(1260, '2019/09/01', 0, NULL, 180),
(1261, '2019/09/02', 1, NULL, 181),
(1262, '2019/09/03', 2, NULL, 181),
(1263, '2019/09/04', 3, NULL, 181),
(1264, '2019/09/05', 4, NULL, 181),
(1265, '2019/09/06', 5, NULL, 181),
(1266, '2019/09/07', 6, NULL, 181),
(1267, '2019/09/08', 0, NULL, 181),
(1268, '2019/09/02', 1, NULL, 182),
(1269, '2019/09/03', 2, NULL, 182),
(1270, '2019/09/04', 3, NULL, 182),
(1271, '2019/09/05', 4, NULL, 182),
(1272, '2019/09/06', 5, NULL, 182),
(1273, '2019/09/07', 6, NULL, 182),
(1274, '2019/09/08', 0, NULL, 182),
(1275, '2019/09/02', 1, NULL, 183),
(1276, '2019/09/03', 2, NULL, 183),
(1277, '2019/09/04', 3, NULL, 183),
(1278, '2019/09/05', 4, NULL, 183),
(1279, '2019/09/06', 5, NULL, 183),
(1280, '2019/09/07', 6, NULL, 183),
(1281, '2019/09/08', 0, NULL, 183),
(1282, '2019/09/02', 1, NULL, 184),
(1283, '2019/09/03', 2, NULL, 184),
(1284, '2019/09/04', 3, NULL, 184),
(1285, '2019/09/05', 4, NULL, 184),
(1286, '2019/09/06', 5, NULL, 184),
(1287, '2019/09/07', 6, NULL, 184),
(1288, '2019/09/08', 0, NULL, 184),
(1289, '2019/09/02', 1, NULL, 185),
(1290, '2019/09/03', 2, NULL, 185),
(1291, '2019/09/04', 3, NULL, 185),
(1292, '2019/09/05', 4, NULL, 185),
(1293, '2019/09/06', 5, NULL, 185),
(1294, '2019/09/07', 6, NULL, 185),
(1295, '2019/09/08', 0, NULL, 185),
(1296, '2019/09/02', 1, NULL, 186),
(1297, '2019/09/03', 2, NULL, 186),
(1298, '2019/09/04', 3, NULL, 186),
(1299, '2019/09/05', 4, NULL, 186),
(1300, '2019/09/06', 5, NULL, 186),
(1301, '2019/09/07', 6, NULL, 186),
(1302, '2019/09/08', 0, NULL, 186),
(1303, '2019/09/02', 1, NULL, 187),
(1304, '2019/09/03', 2, NULL, 187),
(1305, '2019/09/04', 3, NULL, 187),
(1306, '2019/09/05', 4, NULL, 187),
(1307, '2019/09/06', 5, NULL, 187),
(1308, '2019/09/07', 6, NULL, 187),
(1309, '2019/09/08', 0, NULL, 187),
(1310, '2019/09/02', 1, NULL, 188),
(1311, '2019/09/03', 2, NULL, 188),
(1312, '2019/09/04', 3, NULL, 188),
(1313, '2019/09/05', 4, NULL, 188),
(1314, '2019/09/06', 5, NULL, 188),
(1315, '2019/09/07', 6, NULL, 188),
(1316, '2019/09/08', 0, NULL, 188),
(1317, '2019/09/02', 1, NULL, 189),
(1318, '2019/09/03', 2, NULL, 189),
(1319, '2019/09/04', 3, NULL, 189),
(1320, '2019/09/05', 4, NULL, 189),
(1321, '2019/09/06', 5, NULL, 189),
(1322, '2019/09/07', 6, NULL, 189),
(1323, '2019/09/08', 0, NULL, 189),
(1324, '2019/09/02', 1, NULL, 190),
(1325, '2019/09/03', 2, NULL, 190),
(1326, '2019/09/04', 3, NULL, 190),
(1327, '2019/09/05', 4, NULL, 190),
(1328, '2019/09/06', 5, NULL, 190),
(1329, '2019/09/07', 6, NULL, 190),
(1330, '2019/09/08', 0, NULL, 190),
(1331, '2019/09/02', 1, NULL, 191),
(1332, '2019/09/03', 2, NULL, 191),
(1333, '2019/09/04', 3, NULL, 191),
(1334, '2019/09/05', 4, NULL, 191),
(1335, '2019/09/06', 5, NULL, 191),
(1336, '2019/09/07', 6, NULL, 191),
(1337, '2019/09/08', 0, NULL, 191),
(1338, '2019/09/02', 1, NULL, 192),
(1339, '2019/09/03', 2, NULL, 192),
(1340, '2019/09/04', 3, NULL, 192),
(1341, '2019/09/05', 4, NULL, 192),
(1342, '2019/09/06', 5, NULL, 192),
(1343, '2019/09/07', 6, NULL, 192),
(1344, '2019/09/08', 0, NULL, 192),
(1345, '2019/09/02', 1, NULL, 193),
(1346, '2019/09/03', 2, NULL, 193),
(1347, '2019/09/04', 3, NULL, 193),
(1348, '2019/09/05', 4, NULL, 193),
(1349, '2019/09/06', 5, NULL, 193),
(1350, '2019/09/07', 6, NULL, 193),
(1351, '2019/09/08', 0, NULL, 193),
(1352, '2019/09/02', 1, NULL, 194),
(1353, '2019/09/03', 2, NULL, 194),
(1354, '2019/09/04', 3, NULL, 194),
(1355, '2019/09/05', 4, NULL, 194),
(1356, '2019/09/06', 5, NULL, 194),
(1357, '2019/09/07', 6, NULL, 194),
(1358, '2019/09/08', 0, NULL, 194),
(1359, '2019/09/02', 1, NULL, 195),
(1360, '2019/09/03', 2, NULL, 195),
(1361, '2019/09/04', 3, NULL, 195),
(1362, '2019/09/05', 4, NULL, 195),
(1363, '2019/09/06', 5, NULL, 195),
(1364, '2019/09/07', 6, NULL, 195),
(1365, '2019/09/08', 0, NULL, 195),
(1366, '2019/08/19', 1, NULL, 196),
(1367, '2019/08/20', 2, NULL, 196),
(1368, '2019/08/21', 3, NULL, 196),
(1369, '2019/08/22', 4, NULL, 196),
(1370, '2019/08/23', 5, NULL, 196),
(1371, '2019/08/24', 6, NULL, 196),
(1372, '2019/08/25', 0, NULL, 196),
(1373, '2019/08/19', 1, NULL, 197),
(1374, '2019/08/20', 2, NULL, 197),
(1375, '2019/08/21', 3, NULL, 197),
(1376, '2019/08/22', 4, NULL, 197),
(1377, '2019/08/23', 5, NULL, 197),
(1378, '2019/08/24', 6, NULL, 197),
(1379, '2019/08/25', 0, NULL, 197),
(1380, '2019/08/19', 1, NULL, 198),
(1381, '2019/08/20', 2, NULL, 198),
(1382, '2019/08/21', 3, NULL, 198),
(1383, '2019/08/22', 4, NULL, 198),
(1384, '2019/08/23', 5, NULL, 198),
(1385, '2019/08/24', 6, NULL, 198),
(1386, '2019/08/25', 0, NULL, 198),
(1387, '2019/08/19', 1, 9, 199),
(1388, '2019/08/20', 2, 9, 199),
(1389, '2019/08/21', 3, 9, 199),
(1390, '2019/08/22', 4, 9, 199),
(1391, '2019/08/23', 5, 9, 199),
(1392, '2019/08/24', 6, 9, 199),
(1393, '2019/08/25', 0, NULL, 199),
(1394, '2019/08/19', 1, 9, 200),
(1395, '2019/08/20', 2, 9, 200),
(1396, '2019/08/21', 3, 9, 200),
(1397, '2019/08/22', 4, 9, 200),
(1398, '2019/08/23', 5, 9, 200),
(1399, '2019/08/24', 6, 9, 200),
(1400, '2019/08/25', 0, NULL, 200),
(1401, '2019/08/19', 1, NULL, 201),
(1402, '2019/08/20', 2, NULL, 201),
(1403, '2019/08/21', 3, NULL, 201),
(1404, '2019/08/22', 4, NULL, 201),
(1405, '2019/08/23', 5, NULL, 201),
(1406, '2019/08/24', 6, NULL, 201),
(1407, '2019/08/25', 0, NULL, 201),
(1408, '2019/08/26', 1, 9, 202),
(1409, '2019/08/27', 2, 9, 202),
(1410, '2019/08/28', 3, 9, 202),
(1411, '2019/08/29', 4, 9, 202),
(1412, '2019/08/30', 5, 9, 202),
(1413, '2019/08/31', 6, 9, 202),
(1414, '2019/09/01', 0, NULL, 202),
(1415, '2019/08/26', 1, 9, 203),
(1416, '2019/08/27', 2, 9, 203),
(1417, '2019/08/28', 3, 9, 203),
(1418, '2019/08/29', 4, 9, 203),
(1419, '2019/08/30', 5, 9, 203),
(1420, '2019/08/31', 6, 9, 203),
(1421, '2019/09/01', 0, NULL, 203),
(1422, '2019/08/26', 1, NULL, 204),
(1423, '2019/08/27', 2, NULL, 204),
(1424, '2019/08/28', 3, NULL, 204),
(1425, '2019/08/29', 4, NULL, 204),
(1426, '2019/08/30', 5, NULL, 204),
(1427, '2019/08/31', 6, NULL, 204),
(1428, '2019/09/01', 0, NULL, 204),
(1429, '2019/08/26', 1, NULL, 205),
(1430, '2019/08/27', 2, NULL, 205),
(1431, '2019/08/28', 3, NULL, 205),
(1432, '2019/08/29', 4, NULL, 205),
(1433, '2019/08/30', 5, NULL, 205),
(1434, '2019/08/31', 6, NULL, 205),
(1435, '2019/09/01', 0, NULL, 205),
(1436, '2019/08/26', 1, NULL, 206),
(1437, '2019/08/27', 2, NULL, 206),
(1438, '2019/08/28', 3, NULL, 206),
(1439, '2019/08/29', 4, NULL, 206),
(1440, '2019/08/30', 5, NULL, 206),
(1441, '2019/08/31', 6, NULL, 206),
(1442, '2019/09/01', 0, NULL, 206),
(1443, '2019/08/26', 1, NULL, 207),
(1444, '2019/08/27', 2, NULL, 207),
(1445, '2019/08/28', 3, NULL, 207),
(1446, '2019/08/29', 4, NULL, 207),
(1447, '2019/08/30', 5, NULL, 207),
(1448, '2019/08/31', 6, NULL, 207),
(1449, '2019/09/01', 0, NULL, 207),
(1450, '2019/09/02', 1, 9, 208),
(1451, '2019/09/03', 2, 9, 208),
(1452, '2019/09/04', 3, 9, 208),
(1453, '2019/09/05', 4, 9, 208),
(1454, '2019/09/06', 5, 9, 208),
(1455, '2019/09/07', 6, 9, 208),
(1456, '2019/09/08', 0, NULL, 208),
(1457, '2019/09/02', 1, 9, 209),
(1458, '2019/09/03', 2, 9, 209),
(1459, '2019/09/04', 3, 9, 209),
(1460, '2019/09/05', 4, 9, 209),
(1461, '2019/09/06', 5, 9, 209),
(1462, '2019/09/07', 6, 9, 209),
(1463, '2019/09/08', 0, NULL, 209),
(1464, '2019/09/02', 1, NULL, 210),
(1465, '2019/09/03', 2, NULL, 210),
(1466, '2019/09/04', 3, NULL, 210),
(1467, '2019/09/05', 4, NULL, 210),
(1468, '2019/09/06', 5, NULL, 210),
(1469, '2019/09/07', 6, NULL, 210),
(1470, '2019/09/08', 0, NULL, 210),
(1471, '2019/09/02', 1, NULL, 211),
(1472, '2019/09/03', 2, NULL, 211),
(1473, '2019/09/04', 3, NULL, 211),
(1474, '2019/09/05', 4, NULL, 211),
(1475, '2019/09/06', 5, NULL, 211),
(1476, '2019/09/07', 6, NULL, 211),
(1477, '2019/09/08', 0, NULL, 211),
(1478, '2019/09/02', 1, NULL, 212),
(1479, '2019/09/03', 2, NULL, 212),
(1480, '2019/09/04', 3, NULL, 212),
(1481, '2019/09/05', 4, NULL, 212),
(1482, '2019/09/06', 5, NULL, 212),
(1483, '2019/09/07', 6, NULL, 212),
(1484, '2019/09/08', 0, NULL, 212),
(1485, '2019/09/02', 1, NULL, 213),
(1486, '2019/09/03', 2, NULL, 213),
(1487, '2019/09/04', 3, NULL, 213),
(1488, '2019/09/05', 4, NULL, 213),
(1489, '2019/09/06', 5, NULL, 213),
(1490, '2019/09/07', 6, NULL, 213),
(1491, '2019/09/08', 0, NULL, 213),
(1492, '2019/09/09', 1, NULL, 214),
(1493, '2019/09/10', 2, NULL, 214),
(1494, '2019/09/11', 3, NULL, 214),
(1495, '2019/09/12', 4, NULL, 214),
(1496, '2019/09/13', 5, NULL, 214),
(1497, '2019/09/14', 6, NULL, 214),
(1498, '2019/09/15', 0, NULL, 214),
(1499, '2019/09/09', 1, NULL, 215),
(1500, '2019/09/10', 2, NULL, 215),
(1501, '2019/09/11', 3, NULL, 215),
(1502, '2019/09/12', 4, NULL, 215),
(1503, '2019/09/13', 5, NULL, 215),
(1504, '2019/09/14', 6, NULL, 215),
(1505, '2019/09/15', 0, NULL, 215),
(1506, '2019/09/09', 1, NULL, 216),
(1507, '2019/09/10', 2, NULL, 216),
(1508, '2019/09/11', 3, NULL, 216),
(1509, '2019/09/12', 4, NULL, 216),
(1510, '2019/09/13', 5, NULL, 216),
(1511, '2019/09/14', 6, NULL, 216),
(1512, '2019/09/15', 0, NULL, 216),
(1513, '2019/09/09', 1, NULL, 217),
(1514, '2019/09/10', 2, NULL, 217),
(1515, '2019/09/11', 3, NULL, 217),
(1516, '2019/09/12', 4, NULL, 217),
(1517, '2019/09/13', 5, NULL, 217),
(1518, '2019/09/14', 6, NULL, 217),
(1519, '2019/09/15', 0, NULL, 217),
(1520, '2019/09/09', 1, NULL, 218),
(1521, '2019/09/10', 2, NULL, 218),
(1522, '2019/09/11', 3, NULL, 218),
(1523, '2019/09/12', 4, NULL, 218),
(1524, '2019/09/13', 5, NULL, 218),
(1525, '2019/09/14', 6, NULL, 218),
(1526, '2019/09/15', 0, NULL, 218),
(1527, '2019/09/09', 1, NULL, 219),
(1528, '2019/09/10', 2, NULL, 219),
(1529, '2019/09/11', 3, NULL, 219),
(1530, '2019/09/12', 4, NULL, 219),
(1531, '2019/09/13', 5, NULL, 219),
(1532, '2019/09/14', 6, NULL, 219),
(1533, '2019/09/15', 0, NULL, 219),
(1534, '2019/09/09', 1, NULL, 220),
(1535, '2019/09/10', 2, NULL, 220),
(1536, '2019/09/11', 3, NULL, 220),
(1537, '2019/09/12', 4, NULL, 220),
(1538, '2019/09/13', 5, NULL, 220),
(1539, '2019/09/14', 6, NULL, 220),
(1540, '2019/09/15', 0, NULL, 220),
(1541, '2019/09/09', 1, NULL, 221),
(1542, '2019/09/10', 2, NULL, 221),
(1543, '2019/09/11', 3, NULL, 221),
(1544, '2019/09/12', 4, NULL, 221),
(1545, '2019/09/13', 5, NULL, 221),
(1546, '2019/09/14', 6, NULL, 221),
(1547, '2019/09/15', 0, NULL, 221),
(1548, '2019/09/09', 1, NULL, 222),
(1549, '2019/09/10', 2, NULL, 222),
(1550, '2019/09/11', 3, NULL, 222),
(1551, '2019/09/12', 4, NULL, 222),
(1552, '2019/09/13', 5, NULL, 222),
(1553, '2019/09/14', 6, NULL, 222),
(1554, '2019/09/15', 0, NULL, 222),
(1555, '2019/09/09', 1, NULL, 223),
(1556, '2019/09/10', 2, NULL, 223),
(1557, '2019/09/11', 3, NULL, 223),
(1558, '2019/09/12', 4, NULL, 223),
(1559, '2019/09/13', 5, NULL, 223),
(1560, '2019/09/14', 6, NULL, 223),
(1561, '2019/09/15', 0, NULL, 223),
(1562, '2019/09/09', 1, NULL, 224),
(1563, '2019/09/10', 2, NULL, 224),
(1564, '2019/09/11', 3, NULL, 224),
(1565, '2019/09/12', 4, NULL, 224),
(1566, '2019/09/13', 5, NULL, 224),
(1567, '2019/09/14', 6, NULL, 224),
(1568, '2019/09/15', 0, NULL, 224),
(1569, '2019/09/09', 1, NULL, 225),
(1570, '2019/09/10', 2, NULL, 225),
(1571, '2019/09/11', 3, NULL, 225),
(1572, '2019/09/12', 4, NULL, 225),
(1573, '2019/09/13', 5, NULL, 225),
(1574, '2019/09/14', 6, NULL, 225),
(1575, '2019/09/15', 0, NULL, 225),
(1576, '2019/09/09', 1, NULL, 226),
(1577, '2019/09/10', 2, NULL, 226),
(1578, '2019/09/11', 3, NULL, 226),
(1579, '2019/09/12', 4, NULL, 226),
(1580, '2019/09/13', 5, NULL, 226),
(1581, '2019/09/14', 6, NULL, 226),
(1582, '2019/09/15', 0, NULL, 226),
(1583, '2019/09/09', 1, NULL, 227),
(1584, '2019/09/10', 2, NULL, 227),
(1585, '2019/09/11', 3, NULL, 227),
(1586, '2019/09/12', 4, NULL, 227),
(1587, '2019/09/13', 5, NULL, 227),
(1588, '2019/09/14', 6, NULL, 227),
(1589, '2019/09/15', 0, NULL, 227),
(1590, '2019/09/09', 1, NULL, 228),
(1591, '2019/09/10', 2, NULL, 228),
(1592, '2019/09/11', 3, NULL, 228),
(1593, '2019/09/12', 4, NULL, 228),
(1594, '2019/09/13', 5, NULL, 228),
(1595, '2019/09/14', 6, NULL, 228),
(1596, '2019/09/15', 0, NULL, 228),
(1597, '2019/09/09', 1, 9, 229),
(1598, '2019/09/10', 2, 9, 229),
(1599, '2019/09/11', 3, 9, 229),
(1600, '2019/09/12', 4, 9, 229),
(1601, '2019/09/13', 5, 9, 229),
(1602, '2019/09/14', 6, 9, 229),
(1603, '2019/09/15', 0, NULL, 229),
(1604, '2019/09/09', 1, 9, 230),
(1605, '2019/09/10', 2, 9, 230),
(1606, '2019/09/11', 3, 9, 230),
(1607, '2019/09/12', 4, 9, 230),
(1608, '2019/09/13', 5, 9, 230),
(1609, '2019/09/14', 6, 9, 230),
(1610, '2019/09/15', 0, NULL, 230),
(1611, '2019/09/09', 1, NULL, 231),
(1612, '2019/09/10', 2, NULL, 231),
(1613, '2019/09/11', 3, NULL, 231),
(1614, '2019/09/12', 4, NULL, 231),
(1615, '2019/09/13', 5, NULL, 231),
(1616, '2019/09/14', 6, NULL, 231),
(1617, '2019/09/15', 0, NULL, 231),
(1618, '2019/09/09', 1, NULL, 232),
(1619, '2019/09/10', 2, NULL, 232),
(1620, '2019/09/11', 3, NULL, 232),
(1621, '2019/09/12', 4, NULL, 232),
(1622, '2019/09/13', 5, NULL, 232),
(1623, '2019/09/14', 6, NULL, 232),
(1624, '2019/09/15', 0, NULL, 232),
(1625, '2019/09/09', 1, NULL, 233),
(1626, '2019/09/10', 2, NULL, 233),
(1627, '2019/09/11', 3, NULL, 233),
(1628, '2019/09/12', 4, NULL, 233),
(1629, '2019/09/13', 5, NULL, 233),
(1630, '2019/09/14', 6, NULL, 233),
(1631, '2019/09/15', 0, NULL, 233),
(1632, '2019/09/09', 1, NULL, 234),
(1633, '2019/09/10', 2, NULL, 234),
(1634, '2019/09/11', 3, NULL, 234),
(1635, '2019/09/12', 4, NULL, 234),
(1636, '2019/09/13', 5, NULL, 234),
(1637, '2019/09/14', 6, NULL, 234),
(1638, '2019/09/15', 0, NULL, 234);

-- --------------------------------------------------------

--
-- 表的结构 `dzm_his_storage_log`
--

CREATE TABLE IF NOT EXISTS `dzm_his_storage_log` (
  `log_id` int(10) unsigned NOT NULL AUTO_INCREMENT COMMENT '更改价格表',
  `company_id` int(10) NOT NULL COMMENT '诊所ID',
  `purchase_id` int(10) NOT NULL COMMENT '采购信息ID',
  `batches_of_inventory_number` bigint(20) NOT NULL COMMENT '批次库存编号',
  `medicines_id` int(10) NOT NULL COMMENT '药品ID',
  `modifier_id` int(10) NOT NULL COMMENT '修改人ID',
  `new_quantity` int(10) NOT NULL,
  `new_trade_price` decimal(10,2) NOT NULL COMMENT '新批发价',
  `new_prescription_price` decimal(10,2) NOT NULL COMMENT '新处方价',
  `old_quantity` int(10) NOT NULL COMMENT '原数量',
  `old_trade_price` decimal(10,2) NOT NULL COMMENT '原批发价',
  `old_prescription_price` decimal(10,2) NOT NULL COMMENT '原处方价',
  `operation_module` tinyint(3) NOT NULL COMMENT '操作模块；采购：1，审核：2',
  `create_time` int(11) NOT NULL COMMENT '创建时间',
  PRIMARY KEY (`log_id`)
) ENGINE=InnoDB  DEFAULT CHARSET=utf8 COMMENT='入库操作log日志表' AUTO_INCREMENT=114 ;

--
-- 转存表中的数据 `dzm_his_storage_log`
--

INSERT INTO `dzm_his_storage_log` (`log_id`, `company_id`, `purchase_id`, `batches_of_inventory_number`, `medicines_id`, `modifier_id`, `new_quantity`, `new_trade_price`, `new_prescription_price`, `old_quantity`, `old_trade_price`, `old_prescription_price`, `operation_module`, `create_time`) VALUES
(67, 1, 66, 201907270000100001, 532, 1, 300, '2.00', '5.00', 300, '2.00', '5.00', 1, 1564203654),
(68, 1, 67, 201907270000100009, 532, 1, 100, '4.00', '6.00', 100, '4.00', '6.00', 1, 1564207455),
(69, 1, 0, 201907270000100009, 0, 1, 100, '4.00', '6.00', 100, '4.00', '6.00', 2, 1564207465),
(70, 1, 68, 201907270000100010, 532, 1, 200, '5.00', '40.00', 200, '5.00', '40.00', 1, 1564207566),
(71, 1, 0, 201907270000100010, 0, 1, 200, '5.00', '40.00', 200, '5.00', '40.00', 2, 1564207573),
(72, 1, 69, 201907270000100011, 533, 1, 1, '11.00', '12.00', 1, '11.00', '12.00', 1, 1564208509),
(73, 1, 0, 201907270000100011, 0, 1, 1, '11.00', '12.00', 1, '11.00', '12.00', 2, 1564208524),
(74, 1, 70, 201907270000100012, 533, 1, 2, '12.00', '15.00', 2, '12.00', '15.00', 1, 1564208563),
(75, 1, 0, 201907270000100012, 0, 1, 2, '12.00', '15.00', 2, '12.00', '15.00', 2, 1564208568),
(76, 1, 71, 201907270000100013, 536, 7, 100, '5.00', '8.00', 100, '5.00', '8.00', 1, 1564211959),
(77, 1, 72, 201907270000100013, 533, 7, 100, '8.00', '11.00', 100, '8.00', '11.00', 1, 1564211959),
(78, 1, 0, 201907270000100013, 0, 7, 100, '5.00', '8.00', 100, '5.00', '8.00', 2, 1564211969),
(79, 1, 0, 201907270000100013, 0, 7, 100, '8.00', '11.00', 100, '8.00', '11.00', 2, 1564211969),
(80, 1, 73, 201907270000100014, 536, 7, 10, '5.00', '8.00', 10, '5.00', '8.00', 1, 1564212524),
(81, 1, 0, 201907270000100014, 0, 7, 10, '5.00', '8.00', 10, '5.00', '8.00', 2, 1564212529),
(82, 1, 74, 201907270000100015, 535, 1, 50, '2.00', '4.00', 50, '2.00', '4.00', 1, 1564214722),
(83, 1, 75, 201907270000100016, 535, 1, 50, '5.00', '8.00', 50, '5.00', '8.00', 1, 1564214767),
(84, 1, 0, 201907270000100016, 0, 1, 50, '5.00', '8.00', 50, '5.00', '8.00', 2, 1564214772),
(85, 1, 76, 201907290000100017, 536, 1, 10, '2.00', '5.00', 10, '2.00', '5.00', 1, 1564366183),
(86, 1, 0, 201907290000100017, 0, 1, 10, '2.00', '5.00', 10, '2.00', '5.00', 2, 1564366191),
(87, 1, 77, 201907290000100018, 536, 1, 60, '5.00', '8.00', 60, '5.00', '8.00', 1, 1564367498),
(88, 1, 0, 201907290000100018, 0, 1, 60, '5.00', '8.00', 60, '5.00', '8.00', 2, 1564367511),
(89, 1, 78, 201907290000100019, 535, 9, 20, '2.00', '4.00', 20, '2.00', '4.00', 1, 1564369283),
(90, 1, 79, 201907290000100020, 536, 9, 60, '5.00', '8.00', 60, '5.00', '8.00', 1, 1564369384),
(91, 1, 80, 201907290000100020, 534, 9, 820, '10.00', '15.00', 820, '10.00', '15.00', 1, 1564369385),
(92, 1, 81, 201907290000100021, 532, 8, 13, '5.00', '13.00', 13, '5.00', '13.00', 1, 1564371904),
(93, 1, 0, 201907290000100021, 0, 8, 13, '5.00', '13.00', 13, '5.00', '13.00', 2, 1564371912),
(94, 1, 82, 201907290000100022, 532, 8, 13, '5.00', '13.00', 13, '5.00', '13.00', 1, 1564371935),
(95, 1, 0, 201907290000100022, 0, 8, 13, '5.00', '13.00', 13, '5.00', '13.00', 2, 1564371943),
(96, 1, 83, 201907290000100022, 535, 8, 10, '1.00', '3.00', 10, '1.00', '3.00', 1, 1564382546),
(97, 1, 84, 201907290000100022, 534, 8, 10, '1.00', '3.00', 10, '1.00', '3.00', 1, 1564382546),
(98, 1, 85, 201907290000100022, 533, 8, 10, '1.00', '3.00', 10, '1.00', '3.00', 1, 1564382546),
(99, 1, 0, 201907290000100022, 0, 8, 10, '1.00', '3.00', 10, '1.00', '3.00', 2, 1564382614),
(100, 1, 0, 201907290000100022, 0, 8, 10, '1.00', '3.00', 10, '1.00', '3.00', 2, 1564382614),
(101, 1, 0, 201907290000100022, 0, 8, 10, '1.00', '3.00', 10, '1.00', '3.00', 2, 1564382614),
(102, 1, 86, 201907290000100024, 537, 1, 23, '20.00', '25.00', 23, '20.00', '25.00', 1, 1564390017),
(103, 1, 87, 201907290000100025, 0, 1, 23, '0.00', '0.00', 23, '0.00', '0.00', 1, 1564390939),
(104, 1, 88, 201907290000100026, 0, 1, 23, '0.00', '0.00', 23, '0.00', '0.00', 1, 1564390968),
(105, 1, 89, 201907300000100027, 537, 1, 13, '31.00', '34.00', 13, '31.00', '34.00', 1, 1564467949),
(106, 1, 90, 201907300000100028, 537, 1, 13, '31.00', '34.00', 13, '31.00', '34.00', 1, 1564468388),
(107, 1, 91, 201907310000100029, 537, 1, 20, '12.00', '15.00', 20, '12.00', '15.00', 1, 1564538585),
(108, 1, 92, 201907310000100029, 536, 1, 20, '20.00', '25.00', 20, '20.00', '25.00', 1, 1564538585),
(109, 1, 93, 201907310000100029, 535, 1, 20, '8.00', '15.00', 20, '8.00', '15.00', 1, 1564538585),
(110, 1, 94, 201907310000100029, 534, 1, 20, '15.00', '21.00', 20, '15.00', '21.00', 1, 1564538585),
(111, 1, 95, 201907310000100029, 533, 1, 20, '52.00', '65.00', 20, '52.00', '65.00', 1, 1564538585),
(112, 1, 96, 201907310000100029, 532, 1, 20, '12.00', '18.00', 20, '12.00', '18.00', 1, 1564538585),
(113, 1, 97, 201908160000100030, 538, 1, 10, '12.00', '12.00', 10, '12.00', '12.00', 1, 1565951097);

-- --------------------------------------------------------

--
-- 表的结构 `dzm_his_supplier`
--

CREATE TABLE IF NOT EXISTS `dzm_his_supplier` (
  `sid` bigint(20) unsigned NOT NULL AUTO_INCREMENT COMMENT 'id',
  `supplier_name` varchar(100) NOT NULL DEFAULT '' COMMENT '供应商名称',
  `contact_name` varchar(50) NOT NULL DEFAULT '' COMMENT '联系人名称',
  `contact_mobile` varchar(11) NOT NULL DEFAULT '' COMMENT '联系人手机',
  `contact_telephone` varchar(20) NOT NULL DEFAULT '' COMMENT '联系人电话',
  `bank_account` varchar(50) NOT NULL DEFAULT '' COMMENT '银行账号',
  `address` varchar(100) NOT NULL DEFAULT '' COMMENT '供应商地址',
  `hospital_id` int(10) unsigned NOT NULL DEFAULT '0' COMMENT '医院id',
  `create_time` int(10) unsigned NOT NULL DEFAULT '0' COMMENT '创建时间',
  `update_time` int(10) unsigned NOT NULL DEFAULT '0' COMMENT '更新时间',
  PRIMARY KEY (`sid`),
  KEY `hospital_id` (`hospital_id`) USING BTREE,
  KEY `update_time` (`update_time`) USING BTREE,
  KEY `supplier_name` (`supplier_name`),
  KEY `contact_name` (`contact_name`)
) ENGINE=InnoDB  DEFAULT CHARSET=utf8 COMMENT='供应商表' AUTO_INCREMENT=5 ;

--
-- 转存表中的数据 `dzm_his_supplier`
--

INSERT INTO `dzm_his_supplier` (`sid`, `supplier_name`, `contact_name`, `contact_mobile`, `contact_telephone`, `bank_account`, `address`, `hospital_id`, `create_time`, `update_time`) VALUES
(2, '测试供应商', '张小明', '15625430452', '010-34556343', '62543045244475555555', '佛山', 1, 1563624459, 1564471750),
(4, '供应商测试', '请求', '13577477895', '', '7865145464646464', '佛山南海', 1, 1564471853, 1564471860);

-- --------------------------------------------------------

--
-- 表的结构 `dzm_his_work_log`
--

CREATE TABLE IF NOT EXISTS `dzm_his_work_log` (
  `id` int(10) unsigned NOT NULL AUTO_INCREMENT,
  `tab_name` varchar(32) DEFAULT '' COMMENT '关联表名',
  `rel_id` int(10) unsigned DEFAULT '0' COMMENT '操作相关id',
  `title` varchar(128) DEFAULT NULL COMMENT '操作说明',
  `addtime` timestamp NULL DEFAULT CURRENT_TIMESTAMP ON UPDATE CURRENT_TIMESTAMP COMMENT '操作时间',
  `session` varchar(255) DEFAULT NULL COMMENT '操作者session',
  `cookie` varchar(255) DEFAULT NULL COMMENT '操作者cookie',
  `ip` varchar(32) DEFAULT NULL COMMENT '操作IP',
  `dev_info` varchar(255) DEFAULT NULL COMMENT '开发信息',
  PRIMARY KEY (`id`),
  KEY `tab_name` (`tab_name`),
  KEY `rel_id` (`rel_id`)
) ENGINE=InnoDB  DEFAULT CHARSET=utf8 COMMENT='重要操作记录' AUTO_INCREMENT=138 ;

--
-- 转存表中的数据 `dzm_his_work_log`
--

INSERT INTO `dzm_his_work_log` (`id`, `tab_name`, `rel_id`, `title`, `addtime`, `session`, `cookie`, `ip`, `dev_info`) VALUES
(18, 'his_care_pkg', 80, '订单支付', '2019-07-27 05:02:08', '{"hospital_info":{"uid":"1","id":"1","userid":"1","appid":"wx07df7aa3efda7d37","appsecret":"b499b64ba3a1fb34a729da887db766da","token":"","encodingaeskey":"","access_token":null,"access_token_expires":"0","jsapi_ticket":null,"jsapi_ticket_expires":"0","mch', '{"Idea-f60c4641":"31241ba2-d518-4846-9620-8c01c75b1499","Phpstorm-59ffdf3e":"3664ce84-2cd3-4eb1-a0e6-2f62a327153b","pgv_pvi":"8888846336","DZMADMIN":"dk0so3pin46u45mduhocdefa6b","his_think_language":"zh-CN"}', '0.0.0.0', 'filename:DoctorController.class.php,class:His\\Controller\\DoctorController,method:His\\Controller\\DoctorController::payOrder'),
(19, 'his_care_pkg', 80, '完成交易', '2019-07-27 05:02:16', '{"hospital_info":{"uid":"1","id":"1","userid":"1","appid":"wx07df7aa3efda7d37","appsecret":"b499b64ba3a1fb34a729da887db766da","token":"","encodingaeskey":"","access_token":null,"access_token_expires":"0","jsapi_ticket":null,"jsapi_ticket_expires":"0","mch', '{"Idea-f60c4641":"31241ba2-d518-4846-9620-8c01c75b1499","Phpstorm-59ffdf3e":"3664ce84-2cd3-4eb1-a0e6-2f62a327153b","pgv_pvi":"8888846336","DZMADMIN":"dk0so3pin46u45mduhocdefa6b","his_think_language":"zh-CN"}', '0.0.0.0', 'filename:DoctorController.class.php,class:His\\Controller\\DoctorController,method:His\\Controller\\DoctorController::pkgDone'),
(20, 'his_care_pkg', 81, '订单支付', '2019-07-27 06:27:45', '{"hospital_info":{"uid":"1","id":"1","userid":"1","appid":"wx07df7aa3efda7d37","appsecret":"b499b64ba3a1fb34a729da887db766da","token":"","encodingaeskey":"","access_token":null,"access_token_expires":"0","jsapi_ticket":null,"jsapi_ticket_expires":"0","mch', '{"Idea-f60c4641":"31241ba2-d518-4846-9620-8c01c75b1499","Phpstorm-59ffdf3e":"3664ce84-2cd3-4eb1-a0e6-2f62a327153b","pgv_pvi":"8888846336","DZMADMIN":"dk0so3pin46u45mduhocdefa6b","his_think_language":"zh-CN"}', '0.0.0.0', 'filename:DoctorController.class.php,class:His\\Controller\\DoctorController,method:His\\Controller\\DoctorController::payOrder'),
(21, 'his_care_pkg', 81, '完成交易', '2019-07-27 06:27:52', '{"hospital_info":{"uid":"1","id":"1","userid":"1","appid":"wx07df7aa3efda7d37","appsecret":"b499b64ba3a1fb34a729da887db766da","token":"","encodingaeskey":"","access_token":null,"access_token_expires":"0","jsapi_ticket":null,"jsapi_ticket_expires":"0","mch', '{"Idea-f60c4641":"31241ba2-d518-4846-9620-8c01c75b1499","Phpstorm-59ffdf3e":"3664ce84-2cd3-4eb1-a0e6-2f62a327153b","pgv_pvi":"8888846336","DZMADMIN":"dk0so3pin46u45mduhocdefa6b","his_think_language":"zh-CN"}', '0.0.0.0', 'filename:DoctorController.class.php,class:His\\Controller\\DoctorController,method:His\\Controller\\DoctorController::pkgDone'),
(22, 'his_care_pkg', 82, '订单支付', '2019-07-27 06:29:07', '{"hospital_info":{"uid":"1","id":"1","userid":"1","appid":"wx07df7aa3efda7d37","appsecret":"b499b64ba3a1fb34a729da887db766da","token":"","encodingaeskey":"","access_token":null,"access_token_expires":"0","jsapi_ticket":null,"jsapi_ticket_expires":"0","mch', '{"Idea-f60c4641":"31241ba2-d518-4846-9620-8c01c75b1499","Phpstorm-59ffdf3e":"3664ce84-2cd3-4eb1-a0e6-2f62a327153b","pgv_pvi":"8888846336","DZMADMIN":"dk0so3pin46u45mduhocdefa6b","his_think_language":"zh-CN"}', '0.0.0.0', 'filename:DoctorController.class.php,class:His\\Controller\\DoctorController,method:His\\Controller\\DoctorController::payOrder'),
(23, 'his_care_pkg', 83, '退款', '2019-07-27 07:13:02', '{"hospital_info":{"uid":"1","id":"1","userid":"1","appid":"wx07df7aa3efda7d37","appsecret":"b499b64ba3a1fb34a729da887db766da","token":"","encodingaeskey":"","access_token":null,"access_token_expires":"0","jsapi_ticket":null,"jsapi_ticket_expires":"0","mch', '{"Idea-f60c4641":"31241ba2-d518-4846-9620-8c01c75b1499","Phpstorm-59ffdf3e":"3664ce84-2cd3-4eb1-a0e6-2f62a327153b","pgv_pvi":"8888846336","DZMADMIN":"dk0so3pin46u45mduhocdefa6b","his_think_language":"zh-CN"}', '0.0.0.0', 'filename:RegistrationController.class.php,class:His\\Controller\\RegistrationController,method:His\\Controller\\RegistrationController::pkgRefundDo'),
(24, 'his_care_pkg', 82, '退款', '2019-07-27 07:16:55', '{"hospital_info":{"uid":"1","id":"1","userid":"1","appid":"wx07df7aa3efda7d37","appsecret":"b499b64ba3a1fb34a729da887db766da","token":"","encodingaeskey":"","access_token":null,"access_token_expires":"0","jsapi_ticket":null,"jsapi_ticket_expires":"0","mch', '{"Idea-f60c4641":"31241ba2-d518-4846-9620-8c01c75b1499","Phpstorm-59ffdf3e":"3664ce84-2cd3-4eb1-a0e6-2f62a327153b","pgv_pvi":"8888846336","DZMADMIN":"dk0so3pin46u45mduhocdefa6b","his_think_language":"zh-CN"}', '0.0.0.0', 'filename:DoctorController.class.php,class:His\\Controller\\DoctorController,method:His\\Controller\\DoctorController::pkgRefundDo'),
(25, 'his_care_pkg', 87, '订单支付', '2019-07-27 07:23:07', '{"hospital_info":{"uid":"1","id":"1","userid":"1","appid":"wx07df7aa3efda7d37","appsecret":"b499b64ba3a1fb34a729da887db766da","token":"","encodingaeskey":"","access_token":null,"access_token_expires":"0","jsapi_ticket":null,"jsapi_ticket_expires":"0","mch', '{"DZMADMIN":"m18flml925fig675sijst42a80","his_think_language":"zh"}', '127.0.0.1', 'filename:DoctorController.class.php,class:His\\Controller\\DoctorController,method:His\\Controller\\DoctorController::payOrder'),
(26, 'his_care_pkg', 88, '订单支付', '2019-07-27 07:34:35', '{"hospital_info":{"uid":"1","id":"1","userid":"1","appid":"wx07df7aa3efda7d37","appsecret":"b499b64ba3a1fb34a729da887db766da","token":"","encodingaeskey":"","access_token":null,"access_token_expires":"0","jsapi_ticket":null,"jsapi_ticket_expires":"0","mch', '{"DZMADMIN":"m18flml925fig675sijst42a80","his_think_language":"zh"}', '127.0.0.1', 'filename:DoctorController.class.php,class:His\\Controller\\DoctorController,method:His\\Controller\\DoctorController::payOrder'),
(27, 'his_care_pkg', 88, '完成交易', '2019-07-27 07:36:01', '{"hospital_info":{"uid":"1","id":"1","userid":"1","appid":"wx07df7aa3efda7d37","appsecret":"b499b64ba3a1fb34a729da887db766da","token":"","encodingaeskey":"","access_token":null,"access_token_expires":"0","jsapi_ticket":null,"jsapi_ticket_expires":"0","mch', '{"DZMADMIN":"m18flml925fig675sijst42a80","his_think_language":"zh"}', '127.0.0.1', 'filename:DoctorController.class.php,class:His\\Controller\\DoctorController,method:His\\Controller\\DoctorController::pkgDone'),
(28, 'his_care_pkg', 79, '退款', '2019-07-27 07:41:34', '{"hospital_info":{"uid":"1","id":"1","userid":"1","appid":"wx07df7aa3efda7d37","appsecret":"b499b64ba3a1fb34a729da887db766da","token":"","encodingaeskey":"","access_token":null,"access_token_expires":"0","jsapi_ticket":null,"jsapi_ticket_expires":"0","mch', '{"Idea-f60c4641":"31241ba2-d518-4846-9620-8c01c75b1499","Phpstorm-59ffdf3e":"3664ce84-2cd3-4eb1-a0e6-2f62a327153b","pgv_pvi":"8888846336","DZMADMIN":"dk0so3pin46u45mduhocdefa6b","his_think_language":"zh-CN"}', '0.0.0.0', 'filename:RegistrationController.class.php,class:His\\Controller\\RegistrationController,method:His\\Controller\\RegistrationController::pkgRefundDo'),
(29, 'his_care_pkg', 89, '订单支付', '2019-07-27 07:53:20', '{"hospital_info":{"uid":"1","id":"1","userid":"1","appid":"wx07df7aa3efda7d37","appsecret":"b499b64ba3a1fb34a729da887db766da","token":"","encodingaeskey":"","access_token":null,"access_token_expires":"0","jsapi_ticket":null,"jsapi_ticket_expires":"0","mch', '{"Idea-f60c4641":"31241ba2-d518-4846-9620-8c01c75b1499","Phpstorm-59ffdf3e":"3664ce84-2cd3-4eb1-a0e6-2f62a327153b","pgv_pvi":"8888846336","DZMADMIN":"dk0so3pin46u45mduhocdefa6b","his_think_language":"zh-CN"}', '0.0.0.0', 'filename:DoctorController.class.php,class:His\\Controller\\DoctorController,method:His\\Controller\\DoctorController::payOrder'),
(30, 'his_care_pkg', 92, '订单支付', '2019-07-27 08:07:51', '{"hospital_info":{"uid":"1","id":"1","userid":"1","appid":"wx07df7aa3efda7d37","appsecret":"b499b64ba3a1fb34a729da887db766da","token":"","encodingaeskey":"","access_token":null,"access_token_expires":"0","jsapi_ticket":null,"jsapi_ticket_expires":"0","mch', '{"Idea-f60c4641":"31241ba2-d518-4846-9620-8c01c75b1499","Phpstorm-59ffdf3e":"3664ce84-2cd3-4eb1-a0e6-2f62a327153b","pgv_pvi":"8888846336","DZMADMIN":"dk0so3pin46u45mduhocdefa6b","his_think_language":"zh-CN"}', '0.0.0.0', 'filename:DoctorController.class.php,class:His\\Controller\\DoctorController,method:His\\Controller\\DoctorController::payOrder'),
(31, 'his_care_pkg', 92, '完成交易', '2019-07-27 08:07:57', '{"hospital_info":{"uid":"1","id":"1","userid":"1","appid":"wx07df7aa3efda7d37","appsecret":"b499b64ba3a1fb34a729da887db766da","token":"","encodingaeskey":"","access_token":null,"access_token_expires":"0","jsapi_ticket":null,"jsapi_ticket_expires":"0","mch', '{"Idea-f60c4641":"31241ba2-d518-4846-9620-8c01c75b1499","Phpstorm-59ffdf3e":"3664ce84-2cd3-4eb1-a0e6-2f62a327153b","pgv_pvi":"8888846336","DZMADMIN":"dk0so3pin46u45mduhocdefa6b","his_think_language":"zh-CN"}', '0.0.0.0', 'filename:DoctorController.class.php,class:His\\Controller\\DoctorController,method:His\\Controller\\DoctorController::pkgDone'),
(32, 'his_care_pkg', 93, '订单支付', '2019-07-27 08:13:23', '{"hospital_info":{"uid":"1","id":"1","userid":"1","appid":"wx07df7aa3efda7d37","appsecret":"b499b64ba3a1fb34a729da887db766da","token":"","encodingaeskey":"","access_token":null,"access_token_expires":"0","jsapi_ticket":null,"jsapi_ticket_expires":"0","mch', '{"Idea-f60c4641":"31241ba2-d518-4846-9620-8c01c75b1499","Phpstorm-59ffdf3e":"3664ce84-2cd3-4eb1-a0e6-2f62a327153b","pgv_pvi":"8888846336","DZMADMIN":"dk0so3pin46u45mduhocdefa6b","his_think_language":"zh-CN"}', '0.0.0.0', 'filename:DoctorController.class.php,class:His\\Controller\\DoctorController,method:His\\Controller\\DoctorController::payOrder'),
(33, 'his_care_pkg', 93, '完成交易', '2019-07-27 08:13:29', '{"hospital_info":{"uid":"1","id":"1","userid":"1","appid":"wx07df7aa3efda7d37","appsecret":"b499b64ba3a1fb34a729da887db766da","token":"","encodingaeskey":"","access_token":null,"access_token_expires":"0","jsapi_ticket":null,"jsapi_ticket_expires":"0","mch', '{"Idea-f60c4641":"31241ba2-d518-4846-9620-8c01c75b1499","Phpstorm-59ffdf3e":"3664ce84-2cd3-4eb1-a0e6-2f62a327153b","pgv_pvi":"8888846336","DZMADMIN":"dk0so3pin46u45mduhocdefa6b","his_think_language":"zh-CN"}', '0.0.0.0', 'filename:DoctorController.class.php,class:His\\Controller\\DoctorController,method:His\\Controller\\DoctorController::pkgDone'),
(34, 'his_care_pkg', 94, '订单支付', '2019-07-27 08:14:02', '{"hospital_info":{"uid":"1","id":"1","userid":"1","appid":"wx07df7aa3efda7d37","appsecret":"b499b64ba3a1fb34a729da887db766da","token":"","encodingaeskey":"","access_token":null,"access_token_expires":"0","jsapi_ticket":null,"jsapi_ticket_expires":"0","mch', '{"Idea-f60c4641":"31241ba2-d518-4846-9620-8c01c75b1499","Phpstorm-59ffdf3e":"3664ce84-2cd3-4eb1-a0e6-2f62a327153b","pgv_pvi":"8888846336","DZMADMIN":"dk0so3pin46u45mduhocdefa6b","his_think_language":"zh-CN"}', '0.0.0.0', 'filename:DoctorController.class.php,class:His\\Controller\\DoctorController,method:His\\Controller\\DoctorController::payOrder'),
(35, 'his_care_pkg', 94, '完成交易', '2019-07-27 08:14:09', '{"hospital_info":{"uid":"1","id":"1","userid":"1","appid":"wx07df7aa3efda7d37","appsecret":"b499b64ba3a1fb34a729da887db766da","token":"","encodingaeskey":"","access_token":null,"access_token_expires":"0","jsapi_ticket":null,"jsapi_ticket_expires":"0","mch', '{"Idea-f60c4641":"31241ba2-d518-4846-9620-8c01c75b1499","Phpstorm-59ffdf3e":"3664ce84-2cd3-4eb1-a0e6-2f62a327153b","pgv_pvi":"8888846336","DZMADMIN":"dk0so3pin46u45mduhocdefa6b","his_think_language":"zh-CN"}', '0.0.0.0', 'filename:DoctorController.class.php,class:His\\Controller\\DoctorController,method:His\\Controller\\DoctorController::pkgDone'),
(36, 'his_care_pkg', 96, '订单支付', '2019-07-29 01:28:38', '{"hospital_info":{"uid":"1","id":"1","userid":"1","appid":"wx07df7aa3efda7d37","appsecret":"b499b64ba3a1fb34a729da887db766da","token":"","encodingaeskey":"","access_token":null,"access_token_expires":"0","jsapi_ticket":null,"jsapi_ticket_expires":"0","mch', '{"Idea-f60c4641":"31241ba2-d518-4846-9620-8c01c75b1499","Phpstorm-59ffdf3e":"3664ce84-2cd3-4eb1-a0e6-2f62a327153b","pgv_pvi":"8888846336","DZMADMIN":"dk0so3pin46u45mduhocdefa6b","his_think_language":"zh-CN"}', '0.0.0.0', 'filename:DoctorController.class.php,class:His\\Controller\\DoctorController,method:His\\Controller\\DoctorController::payOrder'),
(37, 'his_care_pkg', 96, '完成交易', '2019-07-29 02:05:48', '{"hospital_info":{"uid":"1","id":"1","userid":"1","appid":"wx07df7aa3efda7d37","appsecret":"b499b64ba3a1fb34a729da887db766da","token":"","encodingaeskey":"","access_token":null,"access_token_expires":"0","jsapi_ticket":null,"jsapi_ticket_expires":"0","mch', '{"Idea-f60c4641":"31241ba2-d518-4846-9620-8c01c75b1499","Phpstorm-59ffdf3e":"3664ce84-2cd3-4eb1-a0e6-2f62a327153b","pgv_pvi":"8888846336","DZMADMIN":"dk0so3pin46u45mduhocdefa6b","his_think_language":"zh-CN"}', '0.0.0.0', 'filename:DoctorController.class.php,class:His\\Controller\\DoctorController,method:His\\Controller\\DoctorController::pkgDone'),
(38, 'his_care_pkg', 97, '订单支付', '2019-07-29 02:06:55', '{"hospital_info":{"uid":"1","id":"1","userid":"1","appid":"wx07df7aa3efda7d37","appsecret":"b499b64ba3a1fb34a729da887db766da","token":"","encodingaeskey":"","access_token":null,"access_token_expires":"0","jsapi_ticket":null,"jsapi_ticket_expires":"0","mch', '{"Idea-f60c4641":"31241ba2-d518-4846-9620-8c01c75b1499","Phpstorm-59ffdf3e":"3664ce84-2cd3-4eb1-a0e6-2f62a327153b","pgv_pvi":"8888846336","DZMADMIN":"dk0so3pin46u45mduhocdefa6b","his_think_language":"zh-CN"}', '0.0.0.0', 'filename:DoctorController.class.php,class:His\\Controller\\DoctorController,method:His\\Controller\\DoctorController::payOrder'),
(39, 'his_care_pkg', 97, '完成交易', '2019-07-29 02:07:05', '{"hospital_info":{"uid":"1","id":"1","userid":"1","appid":"wx07df7aa3efda7d37","appsecret":"b499b64ba3a1fb34a729da887db766da","token":"","encodingaeskey":"","access_token":null,"access_token_expires":"0","jsapi_ticket":null,"jsapi_ticket_expires":"0","mch', '{"Idea-f60c4641":"31241ba2-d518-4846-9620-8c01c75b1499","Phpstorm-59ffdf3e":"3664ce84-2cd3-4eb1-a0e6-2f62a327153b","pgv_pvi":"8888846336","DZMADMIN":"dk0so3pin46u45mduhocdefa6b","his_think_language":"zh-CN"}', '0.0.0.0', 'filename:DoctorController.class.php,class:His\\Controller\\DoctorController,method:His\\Controller\\DoctorController::pkgDone'),
(40, 'his_care_pkg', 100, '订单支付', '2019-07-29 02:36:08', '{"hospital_info":{"uid":"1","id":"1","userid":"1","appid":"wx07df7aa3efda7d37","appsecret":"b499b64ba3a1fb34a729da887db766da","token":"","encodingaeskey":"","access_token":null,"access_token_expires":"0","jsapi_ticket":null,"jsapi_ticket_expires":"0","mch', '{"Idea-f60c4641":"31241ba2-d518-4846-9620-8c01c75b1499","Phpstorm-59ffdf3e":"3664ce84-2cd3-4eb1-a0e6-2f62a327153b","pgv_pvi":"8888846336","DZMADMIN":"dk0so3pin46u45mduhocdefa6b","his_think_language":"zh-CN"}', '0.0.0.0', 'filename:DoctorController.class.php,class:His\\Controller\\DoctorController,method:His\\Controller\\DoctorController::payOrder'),
(41, 'his_care_pkg', 101, '订单支付', '2019-07-29 02:36:40', '{"hospital_info":{"uid":"1","id":"1","userid":"1","appid":"wx07df7aa3efda7d37","appsecret":"b499b64ba3a1fb34a729da887db766da","token":"","encodingaeskey":"","access_token":null,"access_token_expires":"0","jsapi_ticket":null,"jsapi_ticket_expires":"0","mch', '{"Idea-f60c4641":"31241ba2-d518-4846-9620-8c01c75b1499","Phpstorm-59ffdf3e":"3664ce84-2cd3-4eb1-a0e6-2f62a327153b","pgv_pvi":"8888846336","DZMADMIN":"dk0so3pin46u45mduhocdefa6b","his_think_language":"zh-CN"}', '0.0.0.0', 'filename:DoctorController.class.php,class:His\\Controller\\DoctorController,method:His\\Controller\\DoctorController::payOrder'),
(42, 'his_care_pkg', 102, '订单支付', '2019-07-29 02:37:36', '{"hospital_info":{"uid":"1","id":"1","userid":"1","appid":"wx07df7aa3efda7d37","appsecret":"b499b64ba3a1fb34a729da887db766da","token":"","encodingaeskey":"","access_token":null,"access_token_expires":"0","jsapi_ticket":null,"jsapi_ticket_expires":"0","mch', '{"Idea-f60c4641":"31241ba2-d518-4846-9620-8c01c75b1499","Phpstorm-59ffdf3e":"3664ce84-2cd3-4eb1-a0e6-2f62a327153b","pgv_pvi":"8888846336","DZMADMIN":"dk0so3pin46u45mduhocdefa6b","his_think_language":"zh-CN"}', '0.0.0.0', 'filename:DoctorController.class.php,class:His\\Controller\\DoctorController,method:His\\Controller\\DoctorController::payOrder'),
(43, 'his_care_pkg', 103, '订单支付', '2019-07-29 02:38:15', '{"hospital_info":{"uid":"1","id":"1","userid":"1","appid":"wx07df7aa3efda7d37","appsecret":"b499b64ba3a1fb34a729da887db766da","token":"","encodingaeskey":"","access_token":null,"access_token_expires":"0","jsapi_ticket":null,"jsapi_ticket_expires":"0","mch', '{"Idea-f60c4641":"31241ba2-d518-4846-9620-8c01c75b1499","Phpstorm-59ffdf3e":"3664ce84-2cd3-4eb1-a0e6-2f62a327153b","pgv_pvi":"8888846336","DZMADMIN":"dk0so3pin46u45mduhocdefa6b","his_think_language":"zh-CN"}', '0.0.0.0', 'filename:DoctorController.class.php,class:His\\Controller\\DoctorController,method:His\\Controller\\DoctorController::payOrder'),
(44, 'his_care_pkg', 101, '完成交易', '2019-07-29 02:53:17', '{"hospital_info":{"uid":"1","id":"1","userid":"1","appid":"wx07df7aa3efda7d37","appsecret":"b499b64ba3a1fb34a729da887db766da","token":"","encodingaeskey":"","access_token":null,"access_token_expires":"0","jsapi_ticket":null,"jsapi_ticket_expires":"0","mch', '{"Idea-f60c4641":"31241ba2-d518-4846-9620-8c01c75b1499","Phpstorm-59ffdf3e":"3664ce84-2cd3-4eb1-a0e6-2f62a327153b","pgv_pvi":"8888846336","DZMADMIN":"dk0so3pin46u45mduhocdefa6b","his_think_language":"zh-CN"}', '0.0.0.0', 'filename:DoctorController.class.php,class:His\\Controller\\DoctorController,method:His\\Controller\\DoctorController::pkgDone'),
(45, 'his_care_pkg', 100, '退款', '2019-07-29 02:53:31', '{"hospital_info":{"uid":"1","id":"1","userid":"1","appid":"wx07df7aa3efda7d37","appsecret":"b499b64ba3a1fb34a729da887db766da","token":"","encodingaeskey":"","access_token":null,"access_token_expires":"0","jsapi_ticket":null,"jsapi_ticket_expires":"0","mch', '{"Idea-f60c4641":"31241ba2-d518-4846-9620-8c01c75b1499","Phpstorm-59ffdf3e":"3664ce84-2cd3-4eb1-a0e6-2f62a327153b","pgv_pvi":"8888846336","DZMADMIN":"dk0so3pin46u45mduhocdefa6b","his_think_language":"zh-CN"}', '0.0.0.0', 'filename:DoctorController.class.php,class:His\\Controller\\DoctorController,method:His\\Controller\\DoctorController::pkgRefundDo'),
(46, 'his_care_pkg', 107, '订单支付', '2019-07-29 03:02:56', '{"hospital_info":{"uid":"1","id":"1","userid":"1","appid":"wx07df7aa3efda7d37","appsecret":"b499b64ba3a1fb34a729da887db766da","token":"","encodingaeskey":"","access_token":null,"access_token_expires":"0","jsapi_ticket":null,"jsapi_ticket_expires":"0","mch', '{"Idea-f60c4641":"31241ba2-d518-4846-9620-8c01c75b1499","Phpstorm-59ffdf3e":"3664ce84-2cd3-4eb1-a0e6-2f62a327153b","pgv_pvi":"8888846336","DZMADMIN":"dk0so3pin46u45mduhocdefa6b","his_think_language":"zh-CN"}', '0.0.0.0', 'filename:DoctorController.class.php,class:His\\Controller\\DoctorController,method:His\\Controller\\DoctorController::payOrder'),
(47, 'his_care_pkg', 107, '完成交易', '2019-07-29 03:03:03', '{"hospital_info":{"uid":"1","id":"1","userid":"1","appid":"wx07df7aa3efda7d37","appsecret":"b499b64ba3a1fb34a729da887db766da","token":"","encodingaeskey":"","access_token":null,"access_token_expires":"0","jsapi_ticket":null,"jsapi_ticket_expires":"0","mch', '{"Idea-f60c4641":"31241ba2-d518-4846-9620-8c01c75b1499","Phpstorm-59ffdf3e":"3664ce84-2cd3-4eb1-a0e6-2f62a327153b","pgv_pvi":"8888846336","DZMADMIN":"dk0so3pin46u45mduhocdefa6b","his_think_language":"zh-CN"}', '0.0.0.0', 'filename:DoctorController.class.php,class:His\\Controller\\DoctorController,method:His\\Controller\\DoctorController::pkgDone'),
(48, 'his_care_pkg', 109, '订单支付', '2019-07-29 03:38:00', '{"hospital_info":{"uid":"1","id":"1","userid":"1","appid":"wx07df7aa3efda7d37","appsecret":"b499b64ba3a1fb34a729da887db766da","token":"","encodingaeskey":"","access_token":null,"access_token_expires":"0","jsapi_ticket":null,"jsapi_ticket_expires":"0","mch', '{"Idea-f60c4641":"31241ba2-d518-4846-9620-8c01c75b1499","Phpstorm-59ffdf3e":"3664ce84-2cd3-4eb1-a0e6-2f62a327153b","pgv_pvi":"8888846336","DZMADMIN":"dk0so3pin46u45mduhocdefa6b","his_think_language":"zh-CN"}', '0.0.0.0', 'filename:DoctorController.class.php,class:His\\Controller\\DoctorController,method:His\\Controller\\DoctorController::payOrder'),
(49, 'his_care_pkg', 109, '完成交易', '2019-07-29 03:38:27', '{"hospital_info":{"uid":"1","id":"1","userid":"1","appid":"wx07df7aa3efda7d37","appsecret":"b499b64ba3a1fb34a729da887db766da","token":"","encodingaeskey":"","access_token":null,"access_token_expires":"0","jsapi_ticket":null,"jsapi_ticket_expires":"0","mch', '{"Idea-f60c4641":"31241ba2-d518-4846-9620-8c01c75b1499","Phpstorm-59ffdf3e":"3664ce84-2cd3-4eb1-a0e6-2f62a327153b","pgv_pvi":"8888846336","DZMADMIN":"dk0so3pin46u45mduhocdefa6b","his_think_language":"zh-CN"}', '0.0.0.0', 'filename:DoctorController.class.php,class:His\\Controller\\DoctorController,method:His\\Controller\\DoctorController::pkgDone'),
(50, 'his_care_pkg', 103, '退款', '2019-07-29 03:38:47', '{"hospital_info":{"uid":"1","id":"1","userid":"1","appid":"wx07df7aa3efda7d37","appsecret":"b499b64ba3a1fb34a729da887db766da","token":"","encodingaeskey":"","access_token":null,"access_token_expires":"0","jsapi_ticket":null,"jsapi_ticket_expires":"0","mch', '{"Idea-f60c4641":"31241ba2-d518-4846-9620-8c01c75b1499","Phpstorm-59ffdf3e":"3664ce84-2cd3-4eb1-a0e6-2f62a327153b","pgv_pvi":"8888846336","DZMADMIN":"dk0so3pin46u45mduhocdefa6b","his_think_language":"zh-CN"}', '0.0.0.0', 'filename:DoctorController.class.php,class:His\\Controller\\DoctorController,method:His\\Controller\\DoctorController::pkgRefundDo'),
(51, 'his_care_pkg', 102, '退款', '2019-07-29 03:53:42', '{"hospital_info":{"uid":"1","id":"1","userid":"1","appid":"wx07df7aa3efda7d37","appsecret":"b499b64ba3a1fb34a729da887db766da","token":"","encodingaeskey":"","access_token":null,"access_token_expires":"0","jsapi_ticket":null,"jsapi_ticket_expires":"0","mch', '{"Idea-f60c4641":"31241ba2-d518-4846-9620-8c01c75b1499","Phpstorm-59ffdf3e":"3664ce84-2cd3-4eb1-a0e6-2f62a327153b","pgv_pvi":"8888846336","DZMADMIN":"dk0so3pin46u45mduhocdefa6b","his_think_language":"zh-CN"}', '0.0.0.0', 'filename:DoctorController.class.php,class:His\\Controller\\DoctorController,method:His\\Controller\\DoctorController::pkgRefundDo'),
(52, 'his_care_pkg', 110, '退款', '2019-07-29 06:15:06', '{"hospital_info":{"uid":"1","id":"1","userid":"1","appid":"wx07df7aa3efda7d37","appsecret":"b499b64ba3a1fb34a729da887db766da","token":"","encodingaeskey":"","access_token":null,"access_token_expires":"0","jsapi_ticket":null,"jsapi_ticket_expires":"0","mch', '{"Idea-f60c4641":"31241ba2-d518-4846-9620-8c01c75b1499","Phpstorm-59ffdf3e":"3664ce84-2cd3-4eb1-a0e6-2f62a327153b","pgv_pvi":"8888846336","DZMADMIN":"dk0so3pin46u45mduhocdefa6b","his_think_language":"zh-CN"}', '0.0.0.0', 'filename:RegistrationController.class.php,class:His\\Controller\\RegistrationController,method:His\\Controller\\RegistrationController::pkgRefundDo'),
(53, 'his_care_pkg', 113, '订单支付', '2019-07-29 06:17:45', '{"hospital_info":{"uid":"1","id":"1","userid":"1","appid":"wx07df7aa3efda7d37","appsecret":"b499b64ba3a1fb34a729da887db766da","token":"","encodingaeskey":"","access_token":null,"access_token_expires":"0","jsapi_ticket":null,"jsapi_ticket_expires":"0","mch', '{"Idea-f60c4641":"31241ba2-d518-4846-9620-8c01c75b1499","Phpstorm-59ffdf3e":"3664ce84-2cd3-4eb1-a0e6-2f62a327153b","pgv_pvi":"8888846336","DZMADMIN":"dk0so3pin46u45mduhocdefa6b","his_think_language":"zh-CN"}', '0.0.0.0', 'filename:DoctorController.class.php,class:His\\Controller\\DoctorController,method:His\\Controller\\DoctorController::payOrder'),
(54, 'his_care_pkg', 113, '完成交易', '2019-07-29 06:17:59', '{"hospital_info":{"uid":"1","id":"1","userid":"1","appid":"wx07df7aa3efda7d37","appsecret":"b499b64ba3a1fb34a729da887db766da","token":"","encodingaeskey":"","access_token":null,"access_token_expires":"0","jsapi_ticket":null,"jsapi_ticket_expires":"0","mch', '{"Idea-f60c4641":"31241ba2-d518-4846-9620-8c01c75b1499","Phpstorm-59ffdf3e":"3664ce84-2cd3-4eb1-a0e6-2f62a327153b","pgv_pvi":"8888846336","DZMADMIN":"dk0so3pin46u45mduhocdefa6b","his_think_language":"zh-CN"}', '0.0.0.0', 'filename:DoctorController.class.php,class:His\\Controller\\DoctorController,method:His\\Controller\\DoctorController::pkgDone'),
(55, 'his_care_pkg', 114, '订单支付', '2019-07-29 06:19:00', '{"hospital_info":{"uid":"1","id":"1","userid":"1","appid":"wx07df7aa3efda7d37","appsecret":"b499b64ba3a1fb34a729da887db766da","token":"","encodingaeskey":"","access_token":null,"access_token_expires":"0","jsapi_ticket":null,"jsapi_ticket_expires":"0","mch', '{"Idea-f60c4641":"31241ba2-d518-4846-9620-8c01c75b1499","Phpstorm-59ffdf3e":"3664ce84-2cd3-4eb1-a0e6-2f62a327153b","pgv_pvi":"8888846336","DZMADMIN":"dk0so3pin46u45mduhocdefa6b","his_think_language":"zh-CN"}', '0.0.0.0', 'filename:DoctorController.class.php,class:His\\Controller\\DoctorController,method:His\\Controller\\DoctorController::payOrder'),
(56, 'his_care_pkg', 115, '订单支付', '2019-07-29 06:20:59', '{"hospital_info":{"uid":"1","id":"1","userid":"1","appid":"wx07df7aa3efda7d37","appsecret":"b499b64ba3a1fb34a729da887db766da","token":"","encodingaeskey":"","access_token":null,"access_token_expires":"0","jsapi_ticket":null,"jsapi_ticket_expires":"0","mch', '{"Idea-f60c4641":"31241ba2-d518-4846-9620-8c01c75b1499","Phpstorm-59ffdf3e":"3664ce84-2cd3-4eb1-a0e6-2f62a327153b","pgv_pvi":"8888846336","DZMADMIN":"dk0so3pin46u45mduhocdefa6b","his_think_language":"zh-CN"}', '0.0.0.0', 'filename:DoctorController.class.php,class:His\\Controller\\DoctorController,method:His\\Controller\\DoctorController::payOrder'),
(57, 'his_care_pkg', 116, '订单支付', '2019-07-29 06:26:01', '{"hospital_info":{"uid":"1","id":"1","userid":"1","appid":"wx07df7aa3efda7d37","appsecret":"b499b64ba3a1fb34a729da887db766da","token":"","encodingaeskey":"","access_token":null,"access_token_expires":"0","jsapi_ticket":null,"jsapi_ticket_expires":"0","mch', '{"Idea-f60c4641":"31241ba2-d518-4846-9620-8c01c75b1499","Phpstorm-59ffdf3e":"3664ce84-2cd3-4eb1-a0e6-2f62a327153b","pgv_pvi":"8888846336","DZMADMIN":"dk0so3pin46u45mduhocdefa6b","his_think_language":"zh-CN"}', '0.0.0.0', 'filename:DoctorController.class.php,class:His\\Controller\\DoctorController,method:His\\Controller\\DoctorController::payOrder'),
(58, 'his_care_pkg', 104, '退款', '2019-07-29 07:00:11', '{"hospital_info":{"uid":"1","id":"1","userid":"1","appid":"wx07df7aa3efda7d37","appsecret":"b499b64ba3a1fb34a729da887db766da","token":"","encodingaeskey":"","access_token":null,"access_token_expires":"0","jsapi_ticket":null,"jsapi_ticket_expires":"0","mch', '{"DZMADMIN":"34m89i16b0jm2skficc3m1u1r3","his_think_language":"zh-CN"}', '0.0.0.0', 'filename:RegistrationController.class.php,class:His\\Controller\\RegistrationController,method:His\\Controller\\RegistrationController::pkgRefundDo'),
(59, 'his_care_pkg', 116, '完成交易', '2019-07-29 07:09:37', '{"hospital_info":{"uid":"1","id":"1","userid":"1","appid":"wx07df7aa3efda7d37","appsecret":"b499b64ba3a1fb34a729da887db766da","token":"","encodingaeskey":"","access_token":null,"access_token_expires":"0","jsapi_ticket":null,"jsapi_ticket_expires":"0","mch', '{"DZMADMIN":"34m89i16b0jm2skficc3m1u1r3","his_think_language":"zh-CN"}', '0.0.0.0', 'filename:DoctorController.class.php,class:His\\Controller\\DoctorController,method:His\\Controller\\DoctorController::pkgDone'),
(60, 'his_care_pkg', 119, '订单支付', '2019-07-29 07:29:25', '{"hospital_info":{"uid":"1","id":"1","userid":"1","appid":"wx07df7aa3efda7d37","appsecret":"b499b64ba3a1fb34a729da887db766da","token":"","encodingaeskey":"","access_token":null,"access_token_expires":"0","jsapi_ticket":null,"jsapi_ticket_expires":"0","mch', '{"Idea-f60c4641":"31241ba2-d518-4846-9620-8c01c75b1499","Phpstorm-59ffdf3e":"3664ce84-2cd3-4eb1-a0e6-2f62a327153b","pgv_pvi":"8888846336","DZMADMIN":"dk0so3pin46u45mduhocdefa6b","his_think_language":"zh-CN"}', '0.0.0.0', 'filename:DoctorController.class.php,class:His\\Controller\\DoctorController,method:His\\Controller\\DoctorController::payOrder'),
(61, 'his_care_pkg', 119, '完成交易', '2019-07-29 07:29:46', '{"hospital_info":{"uid":"1","id":"1","userid":"1","appid":"wx07df7aa3efda7d37","appsecret":"b499b64ba3a1fb34a729da887db766da","token":"","encodingaeskey":"","access_token":null,"access_token_expires":"0","jsapi_ticket":null,"jsapi_ticket_expires":"0","mch', '{"Idea-f60c4641":"31241ba2-d518-4846-9620-8c01c75b1499","Phpstorm-59ffdf3e":"3664ce84-2cd3-4eb1-a0e6-2f62a327153b","pgv_pvi":"8888846336","DZMADMIN":"dk0so3pin46u45mduhocdefa6b","his_think_language":"zh-CN"}', '0.0.0.0', 'filename:DoctorController.class.php,class:His\\Controller\\DoctorController,method:His\\Controller\\DoctorController::pkgDone'),
(62, 'his_care_pkg', 120, '订单支付', '2019-07-29 07:34:19', '{"hospital_info":{"uid":"1","id":"1","userid":"1","appid":"wx07df7aa3efda7d37","appsecret":"b499b64ba3a1fb34a729da887db766da","token":"","encodingaeskey":"","access_token":null,"access_token_expires":"0","jsapi_ticket":null,"jsapi_ticket_expires":"0","mch', '{"Idea-f60c4641":"31241ba2-d518-4846-9620-8c01c75b1499","Phpstorm-59ffdf3e":"3664ce84-2cd3-4eb1-a0e6-2f62a327153b","pgv_pvi":"8888846336","DZMADMIN":"dk0so3pin46u45mduhocdefa6b","his_think_language":"zh-CN"}', '0.0.0.0', 'filename:DoctorController.class.php,class:His\\Controller\\DoctorController,method:His\\Controller\\DoctorController::payOrder'),
(63, 'his_care_pkg', 115, '完成交易', '2019-07-29 07:36:56', '{"hospital_info":{"uid":"1","id":"1","userid":"1","appid":"wx07df7aa3efda7d37","appsecret":"b499b64ba3a1fb34a729da887db766da","token":"","encodingaeskey":"","access_token":null,"access_token_expires":"0","jsapi_ticket":null,"jsapi_ticket_expires":"0","mch', '{"Idea-f60c4641":"31241ba2-d518-4846-9620-8c01c75b1499","Phpstorm-59ffdf3e":"3664ce84-2cd3-4eb1-a0e6-2f62a327153b","pgv_pvi":"8888846336","DZMADMIN":"dk0so3pin46u45mduhocdefa6b","his_think_language":"zh-CN"}', '0.0.0.0', 'filename:DoctorController.class.php,class:His\\Controller\\DoctorController,method:His\\Controller\\DoctorController::pkgDone'),
(64, 'his_care_pkg', 121, '订单支付', '2019-07-29 07:51:39', '{"hospital_info":{"uid":"1","id":"1","userid":"1","appid":"wx07df7aa3efda7d37","appsecret":"b499b64ba3a1fb34a729da887db766da","token":"","encodingaeskey":"","access_token":null,"access_token_expires":"0","jsapi_ticket":null,"jsapi_ticket_expires":"0","mch', '{"Idea-f60c4641":"31241ba2-d518-4846-9620-8c01c75b1499","Phpstorm-59ffdf3e":"3664ce84-2cd3-4eb1-a0e6-2f62a327153b","pgv_pvi":"8888846336","DZMADMIN":"dk0so3pin46u45mduhocdefa6b","his_think_language":"zh-CN"}', '0.0.0.0', 'filename:DoctorController.class.php,class:His\\Controller\\DoctorController,method:His\\Controller\\DoctorController::payOrder'),
(65, 'his_care_pkg', 122, '订单支付', '2019-07-29 08:13:39', '{"hospital_info":{"uid":"1","id":"1","userid":"1","appid":"wx07df7aa3efda7d37","appsecret":"b499b64ba3a1fb34a729da887db766da","token":"","encodingaeskey":"","access_token":null,"access_token_expires":"0","jsapi_ticket":null,"jsapi_ticket_expires":"0","mch', '{"DZMADMIN":"34m89i16b0jm2skficc3m1u1r3","his_think_language":"zh-CN"}', '0.0.0.0', 'filename:DoctorController.class.php,class:His\\Controller\\DoctorController,method:His\\Controller\\DoctorController::payOrder'),
(66, 'his_care_pkg', 123, '订单支付', '2019-07-29 08:13:59', '{"hospital_info":{"uid":"1","id":"1","userid":"1","appid":"wx07df7aa3efda7d37","appsecret":"b499b64ba3a1fb34a729da887db766da","token":"","encodingaeskey":"","access_token":null,"access_token_expires":"0","jsapi_ticket":null,"jsapi_ticket_expires":"0","mch', '{"DZMADMIN":"34m89i16b0jm2skficc3m1u1r3","his_think_language":"zh-CN"}', '0.0.0.0', 'filename:DoctorController.class.php,class:His\\Controller\\DoctorController,method:His\\Controller\\DoctorController::payOrder'),
(67, 'his_care_pkg', 123, '订单支付', '2019-07-29 08:14:00', '{"hospital_info":{"uid":"1","id":"1","userid":"1","appid":"wx07df7aa3efda7d37","appsecret":"b499b64ba3a1fb34a729da887db766da","token":"","encodingaeskey":"","access_token":null,"access_token_expires":"0","jsapi_ticket":null,"jsapi_ticket_expires":"0","mch', '{"DZMADMIN":"34m89i16b0jm2skficc3m1u1r3","his_think_language":"zh-CN"}', '0.0.0.0', 'filename:DoctorController.class.php,class:His\\Controller\\DoctorController,method:His\\Controller\\DoctorController::payOrder'),
(68, 'his_care_pkg', 124, '订单支付', '2019-07-29 08:43:54', '{"hospital_info":{"uid":"1","id":"1","userid":"1","appid":"wx07df7aa3efda7d37","appsecret":"b499b64ba3a1fb34a729da887db766da","token":"","encodingaeskey":"","access_token":null,"access_token_expires":"0","jsapi_ticket":null,"jsapi_ticket_expires":"0","mch', '{"Idea-f60c4641":"31241ba2-d518-4846-9620-8c01c75b1499","Phpstorm-59ffdf3e":"3664ce84-2cd3-4eb1-a0e6-2f62a327153b","pgv_pvi":"8888846336","DZMADMIN":"dk0so3pin46u45mduhocdefa6b","his_think_language":"zh-CN"}', '0.0.0.0', 'filename:DoctorController.class.php,class:His\\Controller\\DoctorController,method:His\\Controller\\DoctorController::payOrder'),
(69, 'his_care_pkg', 124, '完成交易', '2019-07-29 08:44:05', '{"hospital_info":{"uid":"1","id":"1","userid":"1","appid":"wx07df7aa3efda7d37","appsecret":"b499b64ba3a1fb34a729da887db766da","token":"","encodingaeskey":"","access_token":null,"access_token_expires":"0","jsapi_ticket":null,"jsapi_ticket_expires":"0","mch', '{"Idea-f60c4641":"31241ba2-d518-4846-9620-8c01c75b1499","Phpstorm-59ffdf3e":"3664ce84-2cd3-4eb1-a0e6-2f62a327153b","pgv_pvi":"8888846336","DZMADMIN":"dk0so3pin46u45mduhocdefa6b","his_think_language":"zh-CN"}', '0.0.0.0', 'filename:DoctorController.class.php,class:His\\Controller\\DoctorController,method:His\\Controller\\DoctorController::pkgDone'),
(70, 'his_care_pkg', 125, '订单支付', '2019-07-29 09:07:12', '{"hospital_info":{"uid":"1","id":"1","userid":"1","appid":"wx07df7aa3efda7d37","appsecret":"b499b64ba3a1fb34a729da887db766da","token":"","encodingaeskey":"","access_token":null,"access_token_expires":"0","jsapi_ticket":null,"jsapi_ticket_expires":"0","mch', '{"Idea-f60c4641":"31241ba2-d518-4846-9620-8c01c75b1499","Phpstorm-59ffdf3e":"3664ce84-2cd3-4eb1-a0e6-2f62a327153b","pgv_pvi":"8888846336","DZMADMIN":"dk0so3pin46u45mduhocdefa6b","his_think_language":"zh-CN"}', '0.0.0.0', 'filename:DoctorController.class.php,class:His\\Controller\\DoctorController,method:His\\Controller\\DoctorController::payOrder'),
(71, 'his_care_pkg', 125, '完成交易', '2019-07-29 09:07:26', '{"hospital_info":{"uid":"1","id":"1","userid":"1","appid":"wx07df7aa3efda7d37","appsecret":"b499b64ba3a1fb34a729da887db766da","token":"","encodingaeskey":"","access_token":null,"access_token_expires":"0","jsapi_ticket":null,"jsapi_ticket_expires":"0","mch', '{"Idea-f60c4641":"31241ba2-d518-4846-9620-8c01c75b1499","Phpstorm-59ffdf3e":"3664ce84-2cd3-4eb1-a0e6-2f62a327153b","pgv_pvi":"8888846336","DZMADMIN":"dk0so3pin46u45mduhocdefa6b","his_think_language":"zh-CN"}', '0.0.0.0', 'filename:DoctorController.class.php,class:His\\Controller\\DoctorController,method:His\\Controller\\DoctorController::pkgDone'),
(72, 'his_care_pkg', 130, '订单支付', '2019-07-30 02:12:13', '{"hospital_info":{"uid":"1","id":"1","userid":"1","appid":"wx07df7aa3efda7d37","appsecret":"b499b64ba3a1fb34a729da887db766da","token":"","encodingaeskey":"","access_token":null,"access_token_expires":"0","jsapi_ticket":null,"jsapi_ticket_expires":"0","mch', '{"Idea-f60c4641":"31241ba2-d518-4846-9620-8c01c75b1499","Phpstorm-59ffdf3e":"3664ce84-2cd3-4eb1-a0e6-2f62a327153b","pgv_pvi":"8888846336","DZMADMIN":"dk0so3pin46u45mduhocdefa6b","his_think_language":"zh-CN"}', '0.0.0.0', 'filename:DoctorController.class.php,class:His\\Controller\\DoctorController,method:His\\Controller\\DoctorController::payOrder'),
(73, 'his_care_pkg', 131, '订单支付', '2019-07-30 02:13:11', '{"hospital_info":{"uid":"1","id":"1","userid":"1","appid":"wx07df7aa3efda7d37","appsecret":"b499b64ba3a1fb34a729da887db766da","token":"","encodingaeskey":"","access_token":null,"access_token_expires":"0","jsapi_ticket":null,"jsapi_ticket_expires":"0","mch', '{"Idea-f60c4641":"31241ba2-d518-4846-9620-8c01c75b1499","Phpstorm-59ffdf3e":"3664ce84-2cd3-4eb1-a0e6-2f62a327153b","pgv_pvi":"8888846336","DZMADMIN":"dk0so3pin46u45mduhocdefa6b","his_think_language":"zh-CN"}', '0.0.0.0', 'filename:DoctorController.class.php,class:His\\Controller\\DoctorController,method:His\\Controller\\DoctorController::payOrder'),
(74, 'his_care_pkg', 131, '完成交易', '2019-07-30 02:13:27', '{"hospital_info":{"uid":"1","id":"1","userid":"1","appid":"wx07df7aa3efda7d37","appsecret":"b499b64ba3a1fb34a729da887db766da","token":"","encodingaeskey":"","access_token":null,"access_token_expires":"0","jsapi_ticket":null,"jsapi_ticket_expires":"0","mch', '{"Idea-f60c4641":"31241ba2-d518-4846-9620-8c01c75b1499","Phpstorm-59ffdf3e":"3664ce84-2cd3-4eb1-a0e6-2f62a327153b","pgv_pvi":"8888846336","DZMADMIN":"dk0so3pin46u45mduhocdefa6b","his_think_language":"zh-CN"}', '0.0.0.0', 'filename:DoctorController.class.php,class:His\\Controller\\DoctorController,method:His\\Controller\\DoctorController::pkgDone'),
(75, 'his_care_pkg', 122, '完成交易', '2019-07-30 02:13:38', '{"hospital_info":{"uid":"1","id":"1","userid":"1","appid":"wx07df7aa3efda7d37","appsecret":"b499b64ba3a1fb34a729da887db766da","token":"","encodingaeskey":"","access_token":null,"access_token_expires":"0","jsapi_ticket":null,"jsapi_ticket_expires":"0","mch', '{"Idea-f60c4641":"31241ba2-d518-4846-9620-8c01c75b1499","Phpstorm-59ffdf3e":"3664ce84-2cd3-4eb1-a0e6-2f62a327153b","pgv_pvi":"8888846336","DZMADMIN":"dk0so3pin46u45mduhocdefa6b","his_think_language":"zh-CN"}', '0.0.0.0', 'filename:DoctorController.class.php,class:His\\Controller\\DoctorController,method:His\\Controller\\DoctorController::pkgDone'),
(76, 'his_care_pkg', 120, '完成交易', '2019-07-30 02:13:41', '{"hospital_info":{"uid":"1","id":"1","userid":"1","appid":"wx07df7aa3efda7d37","appsecret":"b499b64ba3a1fb34a729da887db766da","token":"","encodingaeskey":"","access_token":null,"access_token_expires":"0","jsapi_ticket":null,"jsapi_ticket_expires":"0","mch', '{"Idea-f60c4641":"31241ba2-d518-4846-9620-8c01c75b1499","Phpstorm-59ffdf3e":"3664ce84-2cd3-4eb1-a0e6-2f62a327153b","pgv_pvi":"8888846336","DZMADMIN":"dk0so3pin46u45mduhocdefa6b","his_think_language":"zh-CN"}', '0.0.0.0', 'filename:DoctorController.class.php,class:His\\Controller\\DoctorController,method:His\\Controller\\DoctorController::pkgDone'),
(77, 'his_care_pkg', 130, '完成交易', '2019-07-30 02:15:39', '{"hospital_info":{"uid":"1","id":"1","userid":"1","appid":"wx07df7aa3efda7d37","appsecret":"b499b64ba3a1fb34a729da887db766da","token":"","encodingaeskey":"","access_token":null,"access_token_expires":"0","jsapi_ticket":null,"jsapi_ticket_expires":"0","mch', '{"Idea-f60c4641":"31241ba2-d518-4846-9620-8c01c75b1499","Phpstorm-59ffdf3e":"3664ce84-2cd3-4eb1-a0e6-2f62a327153b","pgv_pvi":"8888846336","DZMADMIN":"dk0so3pin46u45mduhocdefa6b","his_think_language":"zh-CN"}', '0.0.0.0', 'filename:DoctorController.class.php,class:His\\Controller\\DoctorController,method:His\\Controller\\DoctorController::pkgDone'),
(78, 'his_care_pkg', 132, '订单支付', '2019-07-30 02:17:02', '{"hospital_info":{"uid":"1","id":"1","userid":"1","appid":"wx07df7aa3efda7d37","appsecret":"b499b64ba3a1fb34a729da887db766da","token":"","encodingaeskey":"","access_token":null,"access_token_expires":"0","jsapi_ticket":null,"jsapi_ticket_expires":"0","mch', '{"Idea-f60c4641":"31241ba2-d518-4846-9620-8c01c75b1499","Phpstorm-59ffdf3e":"3664ce84-2cd3-4eb1-a0e6-2f62a327153b","pgv_pvi":"8888846336","DZMADMIN":"dk0so3pin46u45mduhocdefa6b","his_think_language":"zh-CN"}', '0.0.0.0', 'filename:DoctorController.class.php,class:His\\Controller\\DoctorController,method:His\\Controller\\DoctorController::payOrder'),
(79, 'his_care_pkg', 132, '完成交易', '2019-07-30 02:17:08', '{"hospital_info":{"uid":"1","id":"1","userid":"1","appid":"wx07df7aa3efda7d37","appsecret":"b499b64ba3a1fb34a729da887db766da","token":"","encodingaeskey":"","access_token":null,"access_token_expires":"0","jsapi_ticket":null,"jsapi_ticket_expires":"0","mch', '{"Idea-f60c4641":"31241ba2-d518-4846-9620-8c01c75b1499","Phpstorm-59ffdf3e":"3664ce84-2cd3-4eb1-a0e6-2f62a327153b","pgv_pvi":"8888846336","DZMADMIN":"dk0so3pin46u45mduhocdefa6b","his_think_language":"zh-CN"}', '0.0.0.0', 'filename:DoctorController.class.php,class:His\\Controller\\DoctorController,method:His\\Controller\\DoctorController::pkgDone'),
(80, 'his_care_pkg', 123, '退款', '2019-07-30 02:18:36', '{"hospital_info":{"uid":"1","id":"1","userid":"1","appid":"wx07df7aa3efda7d37","appsecret":"b499b64ba3a1fb34a729da887db766da","token":"","encodingaeskey":"","access_token":null,"access_token_expires":"0","jsapi_ticket":null,"jsapi_ticket_expires":"0","mch', '{"Idea-f60c4641":"31241ba2-d518-4846-9620-8c01c75b1499","Phpstorm-59ffdf3e":"3664ce84-2cd3-4eb1-a0e6-2f62a327153b","pgv_pvi":"8888846336","DZMADMIN":"dk0so3pin46u45mduhocdefa6b","his_think_language":"zh-CN"}', '0.0.0.0', 'filename:DoctorController.class.php,class:His\\Controller\\DoctorController,method:His\\Controller\\DoctorController::pkgRefundDo'),
(81, 'his_care_pkg', 121, '退款', '2019-07-30 02:18:42', '{"hospital_info":{"uid":"1","id":"1","userid":"1","appid":"wx07df7aa3efda7d37","appsecret":"b499b64ba3a1fb34a729da887db766da","token":"","encodingaeskey":"","access_token":null,"access_token_expires":"0","jsapi_ticket":null,"jsapi_ticket_expires":"0","mch', '{"Idea-f60c4641":"31241ba2-d518-4846-9620-8c01c75b1499","Phpstorm-59ffdf3e":"3664ce84-2cd3-4eb1-a0e6-2f62a327153b","pgv_pvi":"8888846336","DZMADMIN":"dk0so3pin46u45mduhocdefa6b","his_think_language":"zh-CN"}', '0.0.0.0', 'filename:DoctorController.class.php,class:His\\Controller\\DoctorController,method:His\\Controller\\DoctorController::pkgRefundDo'),
(82, 'his_care_pkg', 133, '订单支付', '2019-07-30 02:23:58', '{"hospital_info":{"uid":"1","id":"1","userid":"1","appid":"wx07df7aa3efda7d37","appsecret":"b499b64ba3a1fb34a729da887db766da","token":"","encodingaeskey":"","access_token":null,"access_token_expires":"0","jsapi_ticket":null,"jsapi_ticket_expires":"0","mch', '{"Idea-f60c4641":"31241ba2-d518-4846-9620-8c01c75b1499","Phpstorm-59ffdf3e":"3664ce84-2cd3-4eb1-a0e6-2f62a327153b","pgv_pvi":"8888846336","DZMADMIN":"dk0so3pin46u45mduhocdefa6b","his_think_language":"zh-CN"}', '0.0.0.0', 'filename:DoctorController.class.php,class:His\\Controller\\DoctorController,method:His\\Controller\\DoctorController::payOrder'),
(83, 'his_care_pkg', 133, '完成交易', '2019-07-30 02:24:12', '{"hospital_info":{"uid":"1","id":"1","userid":"1","appid":"wx07df7aa3efda7d37","appsecret":"b499b64ba3a1fb34a729da887db766da","token":"","encodingaeskey":"","access_token":null,"access_token_expires":"0","jsapi_ticket":null,"jsapi_ticket_expires":"0","mch', '{"Idea-f60c4641":"31241ba2-d518-4846-9620-8c01c75b1499","Phpstorm-59ffdf3e":"3664ce84-2cd3-4eb1-a0e6-2f62a327153b","pgv_pvi":"8888846336","DZMADMIN":"dk0so3pin46u45mduhocdefa6b","his_think_language":"zh-CN"}', '0.0.0.0', 'filename:DoctorController.class.php,class:His\\Controller\\DoctorController,method:His\\Controller\\DoctorController::pkgDone'),
(84, 'his_care_pkg', 134, '订单支付', '2019-07-30 02:33:32', '{"hospital_info":{"uid":"1","id":"1","userid":"1","appid":"wx07df7aa3efda7d37","appsecret":"b499b64ba3a1fb34a729da887db766da","token":"","encodingaeskey":"","access_token":null,"access_token_expires":"0","jsapi_ticket":null,"jsapi_ticket_expires":"0","mch', '{"Idea-f60c4641":"31241ba2-d518-4846-9620-8c01c75b1499","Phpstorm-59ffdf3e":"3664ce84-2cd3-4eb1-a0e6-2f62a327153b","pgv_pvi":"8888846336","DZMADMIN":"dk0so3pin46u45mduhocdefa6b","his_think_language":"zh-CN"}', '0.0.0.0', 'filename:DoctorController.class.php,class:His\\Controller\\DoctorController,method:His\\Controller\\DoctorController::payOrder'),
(85, 'his_care_pkg', 139, '订单支付', '2019-07-30 02:36:36', '{"hospital_info":{"uid":"1","id":"1","userid":"1","appid":"wx07df7aa3efda7d37","appsecret":"b499b64ba3a1fb34a729da887db766da","token":"","encodingaeskey":"","access_token":null,"access_token_expires":"0","jsapi_ticket":null,"jsapi_ticket_expires":"0","mch', '{"Idea-f60c4641":"31241ba2-d518-4846-9620-8c01c75b1499","Phpstorm-59ffdf3e":"3664ce84-2cd3-4eb1-a0e6-2f62a327153b","pgv_pvi":"8888846336","DZMADMIN":"dk0so3pin46u45mduhocdefa6b","his_think_language":"zh-CN"}', '0.0.0.0', 'filename:DoctorController.class.php,class:His\\Controller\\DoctorController,method:His\\Controller\\DoctorController::payOrder'),
(86, 'his_care_pkg', 140, '订单支付', '2019-07-30 02:37:21', '{"hospital_info":{"uid":"1","id":"1","userid":"1","appid":"wx07df7aa3efda7d37","appsecret":"b499b64ba3a1fb34a729da887db766da","token":"","encodingaeskey":"","access_token":null,"access_token_expires":"0","jsapi_ticket":null,"jsapi_ticket_expires":"0","mch', '{"Idea-f60c4641":"31241ba2-d518-4846-9620-8c01c75b1499","Phpstorm-59ffdf3e":"3664ce84-2cd3-4eb1-a0e6-2f62a327153b","pgv_pvi":"8888846336","DZMADMIN":"dk0so3pin46u45mduhocdefa6b","his_think_language":"zh-CN"}', '0.0.0.0', 'filename:DoctorController.class.php,class:His\\Controller\\DoctorController,method:His\\Controller\\DoctorController::payOrder'),
(87, 'his_care_pkg', 141, '订单支付', '2019-07-30 02:38:03', '{"hospital_info":{"uid":"1","id":"1","userid":"1","appid":"wx07df7aa3efda7d37","appsecret":"b499b64ba3a1fb34a729da887db766da","token":"","encodingaeskey":"","access_token":null,"access_token_expires":"0","jsapi_ticket":null,"jsapi_ticket_expires":"0","mch', '{"Idea-f60c4641":"31241ba2-d518-4846-9620-8c01c75b1499","Phpstorm-59ffdf3e":"3664ce84-2cd3-4eb1-a0e6-2f62a327153b","pgv_pvi":"8888846336","DZMADMIN":"dk0so3pin46u45mduhocdefa6b","his_think_language":"zh-CN"}', '0.0.0.0', 'filename:DoctorController.class.php,class:His\\Controller\\DoctorController,method:His\\Controller\\DoctorController::payOrder'),
(88, 'his_care_pkg', 140, '完成交易', '2019-07-30 02:38:17', '{"hospital_info":{"uid":"1","id":"1","userid":"1","appid":"wx07df7aa3efda7d37","appsecret":"b499b64ba3a1fb34a729da887db766da","token":"","encodingaeskey":"","access_token":null,"access_token_expires":"0","jsapi_ticket":null,"jsapi_ticket_expires":"0","mch', '{"Idea-f60c4641":"31241ba2-d518-4846-9620-8c01c75b1499","Phpstorm-59ffdf3e":"3664ce84-2cd3-4eb1-a0e6-2f62a327153b","pgv_pvi":"8888846336","DZMADMIN":"dk0so3pin46u45mduhocdefa6b","his_think_language":"zh-CN"}', '0.0.0.0', 'filename:DoctorController.class.php,class:His\\Controller\\DoctorController,method:His\\Controller\\DoctorController::pkgDone'),
(89, 'his_care_pkg', 141, '退款', '2019-07-30 02:38:37', '{"hospital_info":{"uid":"1","id":"1","userid":"1","appid":"wx07df7aa3efda7d37","appsecret":"b499b64ba3a1fb34a729da887db766da","token":"","encodingaeskey":"","access_token":null,"access_token_expires":"0","jsapi_ticket":null,"jsapi_ticket_expires":"0","mch', '{"Idea-f60c4641":"31241ba2-d518-4846-9620-8c01c75b1499","Phpstorm-59ffdf3e":"3664ce84-2cd3-4eb1-a0e6-2f62a327153b","pgv_pvi":"8888846336","DZMADMIN":"dk0so3pin46u45mduhocdefa6b","his_think_language":"zh-CN"}', '0.0.0.0', 'filename:DoctorController.class.php,class:His\\Controller\\DoctorController,method:His\\Controller\\DoctorController::pkgRefundDo'),
(90, 'his_care_pkg', 142, '订单支付', '2019-07-30 02:58:17', '{"hospital_info":{"uid":"1","id":"1","userid":"1","appid":"wx07df7aa3efda7d37","appsecret":"b499b64ba3a1fb34a729da887db766da","token":"","encodingaeskey":"","access_token":null,"access_token_expires":"0","jsapi_ticket":null,"jsapi_ticket_expires":"0","mch', '{"DZMADMIN":"m18flml925fig675sijst42a80","his_think_language":"zh"}', '127.0.0.1', 'filename:DoctorController.class.php,class:His\\Controller\\DoctorController,method:His\\Controller\\DoctorController::payOrder'),
(91, 'his_care_pkg', 142, '完成交易', '2019-07-30 02:59:03', '{"hospital_info":{"uid":"1","id":"1","userid":"1","appid":"wx07df7aa3efda7d37","appsecret":"b499b64ba3a1fb34a729da887db766da","token":"","encodingaeskey":"","access_token":null,"access_token_expires":"0","jsapi_ticket":null,"jsapi_ticket_expires":"0","mch', '{"DZMADMIN":"m18flml925fig675sijst42a80","his_think_language":"zh"}', '127.0.0.1', 'filename:DoctorController.class.php,class:His\\Controller\\DoctorController,method:His\\Controller\\DoctorController::pkgDone'),
(92, 'his_care_pkg', 137, '退款', '2019-07-30 07:24:07', '{"hospital_info":{"uid":"1","id":"1","userid":"1","appid":"wx07df7aa3efda7d37","appsecret":"b499b64ba3a1fb34a729da887db766da","token":"","encodingaeskey":"","access_token":null,"access_token_expires":"0","jsapi_ticket":null,"jsapi_ticket_expires":"0","mch', '{"DZMADMIN":"34m89i16b0jm2skficc3m1u1r3","his_think_language":"zh-CN"}', '0.0.0.0', 'filename:RegistrationController.class.php,class:His\\Controller\\RegistrationController,method:His\\Controller\\RegistrationController::pkgRefundDo'),
(93, 'his_care_pkg', 139, '完成交易', '2019-07-31 02:21:35', '{"hospital_info":{"uid":"1","id":"1","userid":"1","appid":"wx07df7aa3efda7d37","appsecret":"b499b64ba3a1fb34a729da887db766da","token":"","encodingaeskey":"","access_token":null,"access_token_expires":"0","jsapi_ticket":null,"jsapi_ticket_expires":"0","mch', '{"DZMADMIN":"5audcjdhr8ch1h5jpo5g565p97"}', '113.70.145.26', 'filename:DoctorController.class.php,class:His\\Controller\\DoctorController,method:His\\Controller\\DoctorController::pkgDone');
INSERT INTO `dzm_his_work_log` (`id`, `tab_name`, `rel_id`, `title`, `addtime`, `session`, `cookie`, `ip`, `dev_info`) VALUES
(94, 'his_care_pkg', 134, '退款', '2019-07-31 02:22:05', '{"hospital_info":{"uid":"1","id":"1","userid":"1","appid":"wx07df7aa3efda7d37","appsecret":"b499b64ba3a1fb34a729da887db766da","token":"","encodingaeskey":"","access_token":null,"access_token_expires":"0","jsapi_ticket":null,"jsapi_ticket_expires":"0","mch', '{"DZMADMIN":"5audcjdhr8ch1h5jpo5g565p97"}', '113.70.145.26', 'filename:DoctorController.class.php,class:His\\Controller\\DoctorController,method:His\\Controller\\DoctorController::pkgRefundDo'),
(95, 'his_care_pkg', 144, '订单支付', '2019-08-07 07:02:03', '{"hospital_info":{"uid":"1","id":"1","userid":"1","appid":"wx07df7aa3efda7d37","appsecret":"b499b64ba3a1fb34a729da887db766da","token":"","encodingaeskey":"","access_token":null,"access_token_expires":"0","jsapi_ticket":null,"jsapi_ticket_expires":"0","mch', '{"a582___uid":"1","XDEBUG_SESSION":"PHPSTORM","a582___switch":"jSt1t","a582___uniacid":"4","a582___lastvisit_1":"4,http:\\/\\/localhost\\/web\\/index.php?c=home&a=welcome","a582_history_url":"[{\\"title\\":\\"\\\\u5546\\\\u57ce\\\\u5165\\\\u53e3\\",\\"url\\":\\".\\\\\\/index.p', '0.0.0.0', 'filename:DoctorController.class.php,class:His\\Controller\\DoctorController,method:His\\Controller\\DoctorController::payOrder'),
(96, 'his_care_pkg', 147, '订单支付', '2019-08-08 07:30:11', '{"hospital_info":{"uid":"1","id":"1","userid":"1","appid":"wx07df7aa3efda7d37","appsecret":"b499b64ba3a1fb34a729da887db766da","token":"","encodingaeskey":"","access_token":null,"access_token_expires":"0","jsapi_ticket":null,"jsapi_ticket_expires":"0","mch', '{"DZMADMIN":"27nnict9ihupnh71qmrf92u0p3"}', '127.0.0.1', 'filename:DoctorController.class.php,class:His\\Controller\\DoctorController,method:His\\Controller\\DoctorController::payOrder'),
(97, 'his_care_pkg', 147, '完成交易', '2019-08-08 07:30:18', '{"hospital_info":{"uid":"1","id":"1","userid":"1","appid":"wx07df7aa3efda7d37","appsecret":"b499b64ba3a1fb34a729da887db766da","token":"","encodingaeskey":"","access_token":null,"access_token_expires":"0","jsapi_ticket":null,"jsapi_ticket_expires":"0","mch', '{"DZMADMIN":"27nnict9ihupnh71qmrf92u0p3"}', '127.0.0.1', 'filename:DoctorController.class.php,class:His\\Controller\\DoctorController,method:His\\Controller\\DoctorController::pkgDone'),
(98, 'his_care_pkg', 149, '订单支付', '2019-08-08 08:11:54', '{"hospital_info":{"uid":"1","id":"1","userid":"1","appid":"wx07df7aa3efda7d37","appsecret":"b499b64ba3a1fb34a729da887db766da","token":"","encodingaeskey":"","access_token":null,"access_token_expires":"0","jsapi_ticket":null,"jsapi_ticket_expires":"0","mch', '{"XDEBUG_SESSION":"PHPSTORM","DZMADMIN":"ts097g178edm5b1lhh3herof66","a582_module_status:ewei_shopv2":"{\\"upgrade\\":{\\"has_upgrade\\":false},\\"ban\\":false}","a582___lastvisit_3":"1,http:\\/\\/localhost\\/web\\/index.php?c=home&a=welcome&do=ext&m=ewei_shopv2","', '0.0.0.0', 'filename:DoctorController.class.php,class:His\\Controller\\DoctorController,method:His\\Controller\\DoctorController::payOrder'),
(99, 'his_care_pkg', 149, '完成交易', '2019-08-08 08:12:15', '{"hospital_info":{"uid":"1","id":"1","userid":"1","appid":"wx07df7aa3efda7d37","appsecret":"b499b64ba3a1fb34a729da887db766da","token":"","encodingaeskey":"","access_token":null,"access_token_expires":"0","jsapi_ticket":null,"jsapi_ticket_expires":"0","mch', '{"XDEBUG_SESSION":"PHPSTORM","DZMADMIN":"ts097g178edm5b1lhh3herof66","a582_module_status:ewei_shopv2":"{\\"upgrade\\":{\\"has_upgrade\\":false},\\"ban\\":false}","a582___lastvisit_3":"1,http:\\/\\/localhost\\/web\\/index.php?c=home&a=welcome&do=ext&m=ewei_shopv2","', '0.0.0.0', 'filename:DoctorController.class.php,class:His\\Controller\\DoctorController,method:His\\Controller\\DoctorController::pkgDone'),
(100, 'his_care_pkg', 151, '订单支付', '2019-08-10 09:43:56', '{"hospital_info":{"uid":"1","id":"1","userid":"1","appid":"wx07df7aa3efda7d37","appsecret":"b499b64ba3a1fb34a729da887db766da","token":"","encodingaeskey":"","access_token":null,"access_token_expires":"0","jsapi_ticket":null,"jsapi_ticket_expires":"0","mch', '{"DZMADMIN":"8ofvvmbbbeslb3vaujbpk3uar4"}', '113.70.146.254', 'filename:DoctorController.class.php,class:His\\Controller\\DoctorController,method:His\\Controller\\DoctorController::payOrder'),
(101, 'his_care_pkg', 151, '完成交易', '2019-08-10 09:43:59', '{"hospital_info":{"uid":"1","id":"1","userid":"1","appid":"wx07df7aa3efda7d37","appsecret":"b499b64ba3a1fb34a729da887db766da","token":"","encodingaeskey":"","access_token":null,"access_token_expires":"0","jsapi_ticket":null,"jsapi_ticket_expires":"0","mch', '{"DZMADMIN":"8ofvvmbbbeslb3vaujbpk3uar4"}', '113.70.146.254', 'filename:DoctorController.class.php,class:His\\Controller\\DoctorController,method:His\\Controller\\DoctorController::pkgDone'),
(102, 'his_care_pkg', 154, '订单支付', '2019-08-13 10:01:30', '{"hospital_info":{"uid":"1","id":"1","userid":"1","appid":"wx07df7aa3efda7d37","appsecret":"b499b64ba3a1fb34a729da887db766da","token":"","encodingaeskey":"","access_token":null,"access_token_expires":"0","jsapi_ticket":null,"jsapi_ticket_expires":"0","mch', '{"Idea-f60c4641":"31241ba2-d518-4846-9620-8c01c75b1499","Phpstorm-59ffdf3e":"3664ce84-2cd3-4eb1-a0e6-2f62a327153b","pgv_pvi":"8888846336","JSESSIONID":"F54CEEF0465791BF4A5047BED471FFAE","a582_module_status:1":"{\\"upgrade\\":{\\"has_upgrade\\":false},\\"ban\\":', '0.0.0.0', 'filename:DoctorController.class.php,class:His\\Controller\\DoctorController,method:His\\Controller\\DoctorController::payOrder'),
(103, 'his_care_pkg', 158, '订单支付', '2019-08-13 10:01:37', '{"hospital_info":{"uid":"1","id":"1","userid":"1","appid":"wx07df7aa3efda7d37","appsecret":"b499b64ba3a1fb34a729da887db766da","token":"","encodingaeskey":"","access_token":null,"access_token_expires":"0","jsapi_ticket":null,"jsapi_ticket_expires":"0","mch', '{"Idea-f60c4641":"31241ba2-d518-4846-9620-8c01c75b1499","Phpstorm-59ffdf3e":"3664ce84-2cd3-4eb1-a0e6-2f62a327153b","pgv_pvi":"8888846336","JSESSIONID":"F54CEEF0465791BF4A5047BED471FFAE","a582_module_status:1":"{\\"upgrade\\":{\\"has_upgrade\\":false},\\"ban\\":', '0.0.0.0', 'filename:DoctorController.class.php,class:His\\Controller\\DoctorController,method:His\\Controller\\DoctorController::payOrder'),
(104, 'his_care_pkg', 155, '订单支付', '2019-08-13 10:01:43', '{"hospital_info":{"uid":"1","id":"1","userid":"1","appid":"wx07df7aa3efda7d37","appsecret":"b499b64ba3a1fb34a729da887db766da","token":"","encodingaeskey":"","access_token":null,"access_token_expires":"0","jsapi_ticket":null,"jsapi_ticket_expires":"0","mch', '{"Idea-f60c4641":"31241ba2-d518-4846-9620-8c01c75b1499","Phpstorm-59ffdf3e":"3664ce84-2cd3-4eb1-a0e6-2f62a327153b","pgv_pvi":"8888846336","JSESSIONID":"F54CEEF0465791BF4A5047BED471FFAE","a582_module_status:1":"{\\"upgrade\\":{\\"has_upgrade\\":false},\\"ban\\":', '0.0.0.0', 'filename:DoctorController.class.php,class:His\\Controller\\DoctorController,method:His\\Controller\\DoctorController::payOrder'),
(105, 'his_care_pkg', 155, '完成交易', '2019-08-13 10:01:57', '{"hospital_info":{"uid":"1","id":"1","userid":"1","appid":"wx07df7aa3efda7d37","appsecret":"b499b64ba3a1fb34a729da887db766da","token":"","encodingaeskey":"","access_token":null,"access_token_expires":"0","jsapi_ticket":null,"jsapi_ticket_expires":"0","mch', '{"Idea-f60c4641":"31241ba2-d518-4846-9620-8c01c75b1499","Phpstorm-59ffdf3e":"3664ce84-2cd3-4eb1-a0e6-2f62a327153b","pgv_pvi":"8888846336","JSESSIONID":"F54CEEF0465791BF4A5047BED471FFAE","a582_module_status:1":"{\\"upgrade\\":{\\"has_upgrade\\":false},\\"ban\\":', '0.0.0.0', 'filename:DoctorController.class.php,class:His\\Controller\\DoctorController,method:His\\Controller\\DoctorController::pkgDone'),
(106, 'his_care_pkg', 165, '订单支付', '2019-08-14 01:59:08', '{"hospital_info":{"uid":"1","id":"1","userid":"1","appid":"wx07df7aa3efda7d37","appsecret":"b499b64ba3a1fb34a729da887db766da","token":"","encodingaeskey":"","access_token":null,"access_token_expires":"0","jsapi_ticket":null,"jsapi_ticket_expires":"0","mch', '{"DZMADMIN":"0ksa924nnq4gfhdmmh3ls93i41"}', '59.41.144.20', 'filename:DoctorController.class.php,class:His\\Controller\\DoctorController,method:His\\Controller\\DoctorController::payOrder'),
(107, 'his_care_pkg', 169, '订单支付', '2019-08-14 02:11:10', '{"hospital_info":{"uid":"1","id":"1","userid":"1","appid":"wx07df7aa3efda7d37","appsecret":"b499b64ba3a1fb34a729da887db766da","token":"","encodingaeskey":"","access_token":null,"access_token_expires":"0","jsapi_ticket":null,"jsapi_ticket_expires":"0","mch', '{"DZMADMIN":"0ksa924nnq4gfhdmmh3ls93i41"}', '59.41.144.20', 'filename:DoctorController.class.php,class:His\\Controller\\DoctorController,method:His\\Controller\\DoctorController::payOrder'),
(108, 'his_care_pkg', 169, '完成交易', '2019-08-14 02:11:28', '{"hospital_info":{"uid":"1","id":"1","userid":"1","appid":"wx07df7aa3efda7d37","appsecret":"b499b64ba3a1fb34a729da887db766da","token":"","encodingaeskey":"","access_token":null,"access_token_expires":"0","jsapi_ticket":null,"jsapi_ticket_expires":"0","mch', '{"DZMADMIN":"0ksa924nnq4gfhdmmh3ls93i41"}', '59.41.144.20', 'filename:DoctorController.class.php,class:His\\Controller\\DoctorController,method:His\\Controller\\DoctorController::pkgDone'),
(109, 'his_care_pkg', 171, '订单支付', '2019-08-14 02:20:51', '{"hospital_info":{"uid":"1","id":"1","userid":"1","appid":"wx07df7aa3efda7d37","appsecret":"b499b64ba3a1fb34a729da887db766da","token":"","encodingaeskey":"","access_token":null,"access_token_expires":"0","jsapi_ticket":null,"jsapi_ticket_expires":"0","mch', '{"DZMADMIN":"0ksa924nnq4gfhdmmh3ls93i41"}', '59.41.144.20', 'filename:DoctorController.class.php,class:His\\Controller\\DoctorController,method:His\\Controller\\DoctorController::payOrder'),
(110, 'his_care_pkg', 174, '订单支付', '2019-08-14 09:25:22', '{"hospital_info":{"uid":"1","id":"1","userid":"1","appid":"wx07df7aa3efda7d37","appsecret":"b499b64ba3a1fb34a729da887db766da","token":"","encodingaeskey":"","access_token":null,"access_token_expires":"0","jsapi_ticket":null,"jsapi_ticket_expires":"0","mch', '{"his_think_language":"zh-CN","DZMADMIN":"57jqabu8pnnj4jgiinblab0pj7"}', '192.168.40.17', 'filename:DoctorController.class.php,class:His\\Controller\\DoctorController,method:His\\Controller\\DoctorController::payOrder'),
(111, 'his_care_pkg', 177, '订单支付', '2019-08-16 02:06:17', '{"hospital_info":{"uid":"1","id":"1","userid":"1","appid":"wx07df7aa3efda7d37","appsecret":"b499b64ba3a1fb34a729da887db766da","token":"","encodingaeskey":"","access_token":null,"access_token_expires":"0","jsapi_ticket":null,"jsapi_ticket_expires":"0","mch', '{"DZMADMIN":"asacq0hoqsdlfomcu2agphsgb7"}', '219.137.38.210', 'filename:DoctorController.class.php,class:His\\Controller\\DoctorController,method:His\\Controller\\DoctorController::payOrder'),
(112, 'his_care_pkg', 199, '订单支付', '2019-08-20 01:25:56', '{"hospital_info":{"uid":"1","id":"1","userid":"1","appid":"wx07df7aa3efda7d37","appsecret":"b499b64ba3a1fb34a729da887db766da","token":"","encodingaeskey":"","access_token":null,"access_token_expires":"0","jsapi_ticket":null,"jsapi_ticket_expires":"0","mch', '{"DZMADMIN":"asacq0hoqsdlfomcu2agphsgb7"}', '219.137.38.210', 'filename:DoctorController.class.php,class:His\\Controller\\DoctorController,method:His\\Controller\\DoctorController::payOrder'),
(113, 'his_care_pkg', 201, '订单支付', '2019-08-20 01:30:06', '{"hospital_info":{"uid":"1","id":"1","userid":"1","appid":"wx07df7aa3efda7d37","appsecret":"b499b64ba3a1fb34a729da887db766da","token":"","encodingaeskey":"","access_token":null,"access_token_expires":"0","jsapi_ticket":null,"jsapi_ticket_expires":"0","mch', '{"DZMADMIN":"asacq0hoqsdlfomcu2agphsgb7"}', '219.137.38.210', 'filename:DoctorController.class.php,class:His\\Controller\\DoctorController,method:His\\Controller\\DoctorController::payOrder'),
(114, 'his_care_pkg', 186, '订单支付', '2019-08-20 01:33:27', '{"hospital_info":{"uid":"1","id":"1","userid":"1","appid":"wx07df7aa3efda7d37","appsecret":"b499b64ba3a1fb34a729da887db766da","token":"","encodingaeskey":"","access_token":null,"access_token_expires":"0","jsapi_ticket":null,"jsapi_ticket_expires":"0","mch', '{"DZMADMIN":"asacq0hoqsdlfomcu2agphsgb7"}', '219.137.38.210', 'filename:DoctorController.class.php,class:His\\Controller\\DoctorController,method:His\\Controller\\DoctorController::payOrder'),
(115, 'his_care_pkg', 182, '订单支付', '2019-08-20 01:33:31', '{"hospital_info":{"uid":"1","id":"1","userid":"1","appid":"wx07df7aa3efda7d37","appsecret":"b499b64ba3a1fb34a729da887db766da","token":"","encodingaeskey":"","access_token":null,"access_token_expires":"0","jsapi_ticket":null,"jsapi_ticket_expires":"0","mch', '{"DZMADMIN":"asacq0hoqsdlfomcu2agphsgb7"}', '219.137.38.210', 'filename:DoctorController.class.php,class:His\\Controller\\DoctorController,method:His\\Controller\\DoctorController::payOrder'),
(116, 'his_care_pkg', 203, '订单支付', '2019-08-20 03:04:50', '{"hospital_info":{"uid":"1","id":"1","userid":"1","appid":"wx07df7aa3efda7d37","appsecret":"b499b64ba3a1fb34a729da887db766da","token":"","encodingaeskey":"","access_token":null,"access_token_expires":"0","jsapi_ticket":null,"jsapi_ticket_expires":"0","mch', '{"DZMADMIN":"asacq0hoqsdlfomcu2agphsgb7"}', '219.137.38.210', 'filename:DoctorController.class.php,class:His\\Controller\\DoctorController,method:His\\Controller\\DoctorController::payOrder'),
(117, 'his_care_pkg', 205, '订单支付', '2019-08-20 03:41:21', '{"hospital_info":{"uid":"1","id":"1","userid":"1","appid":"wx07df7aa3efda7d37","appsecret":"b499b64ba3a1fb34a729da887db766da","token":"","encodingaeskey":"","access_token":null,"access_token_expires":"0","jsapi_ticket":null,"jsapi_ticket_expires":"0","mch', '{"DZMADMIN":"asacq0hoqsdlfomcu2agphsgb7"}', '219.137.38.210', 'filename:DoctorController.class.php,class:His\\Controller\\DoctorController,method:His\\Controller\\DoctorController::payOrder'),
(118, 'his_care_pkg', 207, '订单支付', '2019-08-21 00:46:14', '{"hospital_info":{"uid":"1","id":"1","userid":"1","appid":"wx07df7aa3efda7d37","appsecret":"b499b64ba3a1fb34a729da887db766da","token":"","encodingaeskey":"","access_token":null,"access_token_expires":"0","jsapi_ticket":null,"jsapi_ticket_expires":"0","mch', '{"DZMADMIN":"asacq0hoqsdlfomcu2agphsgb7"}', '219.137.38.210', 'filename:DoctorController.class.php,class:His\\Controller\\DoctorController,method:His\\Controller\\DoctorController::payOrder'),
(119, 'his_care_pkg', 208, '订单支付', '2019-08-21 00:47:57', '{"hospital_info":{"uid":"1","id":"1","userid":"1","appid":"wx07df7aa3efda7d37","appsecret":"b499b64ba3a1fb34a729da887db766da","token":"","encodingaeskey":"","access_token":null,"access_token_expires":"0","jsapi_ticket":null,"jsapi_ticket_expires":"0","mch', '{"DZMADMIN":"asacq0hoqsdlfomcu2agphsgb7"}', '219.137.38.210', 'filename:DoctorController.class.php,class:His\\Controller\\DoctorController,method:His\\Controller\\DoctorController::payOrder'),
(120, 'his_care_pkg', 209, '订单支付', '2019-08-21 00:54:14', '{"hospital_info":{"uid":"1","id":"1","userid":"1","appid":"wx07df7aa3efda7d37","appsecret":"b499b64ba3a1fb34a729da887db766da","token":"","encodingaeskey":"","access_token":null,"access_token_expires":"0","jsapi_ticket":null,"jsapi_ticket_expires":"0","mch', '{"DZMADMIN":"asacq0hoqsdlfomcu2agphsgb7"}', '219.137.38.210', 'filename:DoctorController.class.php,class:His\\Controller\\DoctorController,method:His\\Controller\\DoctorController::payOrder'),
(121, 'his_care_pkg', 212, '订单支付', '2019-08-21 00:58:45', '{"hospital_info":{"uid":"1","id":"1","userid":"1","appid":"wx07df7aa3efda7d37","appsecret":"b499b64ba3a1fb34a729da887db766da","token":"","encodingaeskey":"","access_token":null,"access_token_expires":"0","jsapi_ticket":null,"jsapi_ticket_expires":"0","mch', '{"DZMADMIN":"asacq0hoqsdlfomcu2agphsgb7"}', '219.137.38.210', 'filename:DoctorController.class.php,class:His\\Controller\\DoctorController,method:His\\Controller\\DoctorController::payOrder'),
(122, 'his_care_pkg', 216, '订单支付', '2019-08-21 02:00:13', '{"hospital_info":{"uid":"1","id":"1","userid":"1","appid":"wx07df7aa3efda7d37","appsecret":"b499b64ba3a1fb34a729da887db766da","token":"","encodingaeskey":"","access_token":null,"access_token_expires":"0","jsapi_ticket":null,"jsapi_ticket_expires":"0","mch', '{"DZMADMIN":"asacq0hoqsdlfomcu2agphsgb7"}', '219.137.38.210', 'filename:DoctorController.class.php,class:His\\Controller\\DoctorController,method:His\\Controller\\DoctorController::payOrder'),
(123, 'his_care_pkg', 218, '订单支付', '2019-08-22 02:39:37', '{"hospital_info":{"uid":"1","id":"1","userid":"1","appid":"wx07df7aa3efda7d37","appsecret":"b499b64ba3a1fb34a729da887db766da","token":"","encodingaeskey":"","access_token":null,"access_token_expires":"0","jsapi_ticket":null,"jsapi_ticket_expires":"0","mch', '{"DZMADMIN":"asacq0hoqsdlfomcu2agphsgb7"}', '219.137.38.210', 'filename:DoctorController.class.php,class:His\\Controller\\DoctorController,method:His\\Controller\\DoctorController::payOrder'),
(124, 'his_care_pkg', 219, '订单支付', '2019-08-22 02:40:40', '{"hospital_info":{"uid":"1","id":"1","userid":"1","appid":"wx07df7aa3efda7d37","appsecret":"b499b64ba3a1fb34a729da887db766da","token":"","encodingaeskey":"","access_token":null,"access_token_expires":"0","jsapi_ticket":null,"jsapi_ticket_expires":"0","mch', '{"DZMADMIN":"asacq0hoqsdlfomcu2agphsgb7"}', '219.137.38.210', 'filename:DoctorController.class.php,class:His\\Controller\\DoctorController,method:His\\Controller\\DoctorController::payOrder'),
(125, 'his_care_pkg', 220, '订单支付', '2019-08-22 02:42:26', '{"hospital_info":{"uid":"1","id":"1","userid":"1","appid":"wx07df7aa3efda7d37","appsecret":"b499b64ba3a1fb34a729da887db766da","token":"","encodingaeskey":"","access_token":null,"access_token_expires":"0","jsapi_ticket":null,"jsapi_ticket_expires":"0","mch', '{"DZMADMIN":"asacq0hoqsdlfomcu2agphsgb7"}', '219.137.38.210', 'filename:DoctorController.class.php,class:His\\Controller\\DoctorController,method:His\\Controller\\DoctorController::payOrder'),
(126, 'his_care_pkg', 222, '订单支付', '2019-08-23 23:49:45', '{"hospital_info":{"uid":"1","id":"1","userid":"1","appid":"wx07df7aa3efda7d37","appsecret":"b499b64ba3a1fb34a729da887db766da","token":"","encodingaeskey":"","access_token":null,"access_token_expires":"0","jsapi_ticket":null,"jsapi_ticket_expires":"0","mch', '{"DZMADMIN":"asacq0hoqsdlfomcu2agphsgb7"}', '219.137.38.210', 'filename:DoctorController.class.php,class:His\\Controller\\DoctorController,method:His\\Controller\\DoctorController::payOrder'),
(127, 'his_care_pkg', 224, '订单支付', '2019-08-23 23:55:30', '{"hospital_info":{"uid":"1","id":"1","userid":"1","appid":"wx07df7aa3efda7d37","appsecret":"b499b64ba3a1fb34a729da887db766da","token":"","encodingaeskey":"","access_token":null,"access_token_expires":"0","jsapi_ticket":null,"jsapi_ticket_expires":"0","mch', '{"DZMADMIN":"asacq0hoqsdlfomcu2agphsgb7"}', '219.137.38.210', 'filename:DoctorController.class.php,class:His\\Controller\\DoctorController,method:His\\Controller\\DoctorController::payOrder'),
(128, 'his_care_pkg', 226, '订单支付', '2019-08-23 23:59:00', '{"hospital_info":{"uid":"1","id":"1","userid":"1","appid":"wx07df7aa3efda7d37","appsecret":"b499b64ba3a1fb34a729da887db766da","token":"","encodingaeskey":"","access_token":null,"access_token_expires":"0","jsapi_ticket":null,"jsapi_ticket_expires":"0","mch', '{"DZMADMIN":"asacq0hoqsdlfomcu2agphsgb7"}', '219.137.38.210', 'filename:DoctorController.class.php,class:His\\Controller\\DoctorController,method:His\\Controller\\DoctorController::payOrder'),
(129, 'his_care_pkg', 228, '订单支付', '2019-08-31 01:54:37', '{"hospital_info":{"uid":"1","id":"1","userid":"1","appid":"wx07df7aa3efda7d37","appsecret":"b499b64ba3a1fb34a729da887db766da","token":"","encodingaeskey":"","access_token":null,"access_token_expires":"0","jsapi_ticket":null,"jsapi_ticket_expires":"0","mch', '{"DZMADMIN":"u2q0udaadt1hi8u5v60n76b4d6"}', '219.137.38.210', 'filename:DoctorController.class.php,class:His\\Controller\\DoctorController,method:His\\Controller\\DoctorController::payOrder'),
(130, 'his_care_pkg', 229, '订单支付', '2019-08-31 01:56:21', '{"hospital_info":{"uid":"1","id":"1","userid":"1","appid":"wx07df7aa3efda7d37","appsecret":"b499b64ba3a1fb34a729da887db766da","token":"","encodingaeskey":"","access_token":null,"access_token_expires":"0","jsapi_ticket":null,"jsapi_ticket_expires":"0","mch', '{"DZMADMIN":"u2q0udaadt1hi8u5v60n76b4d6"}', '219.137.38.210', 'filename:DoctorController.class.php,class:His\\Controller\\DoctorController,method:His\\Controller\\DoctorController::payOrder'),
(131, 'his_care_pkg', 230, '订单支付', '2019-08-31 01:57:44', '{"hospital_info":{"uid":"1","id":"1","userid":"1","appid":"wx07df7aa3efda7d37","appsecret":"b499b64ba3a1fb34a729da887db766da","token":"","encodingaeskey":"","access_token":null,"access_token_expires":"0","jsapi_ticket":null,"jsapi_ticket_expires":"0","mch', '{"DZMADMIN":"u2q0udaadt1hi8u5v60n76b4d6"}', '219.137.38.210', 'filename:DoctorController.class.php,class:His\\Controller\\DoctorController,method:His\\Controller\\DoctorController::payOrder'),
(132, 'his_care_pkg', 231, '订单支付', '2019-08-31 02:00:49', '{"hospital_info":{"uid":"1","id":"1","userid":"1","appid":"wx07df7aa3efda7d37","appsecret":"b499b64ba3a1fb34a729da887db766da","token":"","encodingaeskey":"","access_token":null,"access_token_expires":"0","jsapi_ticket":null,"jsapi_ticket_expires":"0","mch', '{"DZMADMIN":"u2q0udaadt1hi8u5v60n76b4d6"}', '219.137.38.210', 'filename:DoctorController.class.php,class:His\\Controller\\DoctorController,method:His\\Controller\\DoctorController::payOrder'),
(133, 'his_care_pkg', 232, '订单支付', '2019-08-31 02:02:19', '{"hospital_info":{"uid":"1","id":"1","userid":"1","appid":"wx07df7aa3efda7d37","appsecret":"b499b64ba3a1fb34a729da887db766da","token":"","encodingaeskey":"","access_token":null,"access_token_expires":"0","jsapi_ticket":null,"jsapi_ticket_expires":"0","mch', '{"DZMADMIN":"u2q0udaadt1hi8u5v60n76b4d6"}', '219.137.38.210', 'filename:DoctorController.class.php,class:His\\Controller\\DoctorController,method:His\\Controller\\DoctorController::payOrder'),
(134, 'his_care_pkg', 233, '订单支付', '2019-09-03 02:45:11', '{"hospital_info":{"uid":"1","id":"1","userid":"1","appid":"wx07df7aa3efda7d37","appsecret":"b499b64ba3a1fb34a729da887db766da","token":"","encodingaeskey":"","access_token":null,"access_token_expires":"0","jsapi_ticket":null,"jsapi_ticket_expires":"0","mch', '{"DZMADMIN":"u2q0udaadt1hi8u5v60n76b4d6"}', '219.137.38.210', 'filename:DoctorController.class.php,class:His\\Controller\\DoctorController,method:His\\Controller\\DoctorController::payOrder'),
(135, 'his_care_pkg', 234, '订单支付', '2019-09-03 02:46:34', '{"hospital_info":{"uid":"1","id":"1","userid":"1","appid":"wx07df7aa3efda7d37","appsecret":"b499b64ba3a1fb34a729da887db766da","token":"","encodingaeskey":"","access_token":null,"access_token_expires":"0","jsapi_ticket":null,"jsapi_ticket_expires":"0","mch', '{"DZMADMIN":"u2q0udaadt1hi8u5v60n76b4d6"}', '219.137.38.210', 'filename:DoctorController.class.php,class:His\\Controller\\DoctorController,method:His\\Controller\\DoctorController::payOrder'),
(136, 'his_care_pkg', 236, '订单支付', '2019-09-04 01:22:58', '{"hospital_info":{"uid":"1","id":"1","userid":"1","appid":"wx07df7aa3efda7d37","appsecret":"b499b64ba3a1fb34a729da887db766da","token":"","encodingaeskey":"","access_token":null,"access_token_expires":"0","jsapi_ticket":null,"jsapi_ticket_expires":"0","mch', '{"DZMADMIN":"u2q0udaadt1hi8u5v60n76b4d6"}', '219.137.38.210', 'filename:DoctorController.class.php,class:His\\Controller\\DoctorController,method:His\\Controller\\DoctorController::payOrder'),
(137, 'his_care_pkg', 238, '订单支付', '2019-09-04 02:54:41', '{"hospital_info":{"uid":"1","id":"1","userid":"1","appid":"wx07df7aa3efda7d37","appsecret":"b499b64ba3a1fb34a729da887db766da","token":"","encodingaeskey":"","access_token":null,"access_token_expires":"0","jsapi_ticket":null,"jsapi_ticket_expires":"0","mch', '{"DZMADMIN":"u2q0udaadt1hi8u5v60n76b4d6"}', '219.137.38.210', 'filename:DoctorController.class.php,class:His\\Controller\\DoctorController,method:His\\Controller\\DoctorController::payOrder');

-- --------------------------------------------------------

--
-- 表的结构 `dzm_patient`
--

CREATE TABLE IF NOT EXISTS `dzm_patient` (
  `patient_id` int(11) NOT NULL AUTO_INCREMENT COMMENT '主键',
  `hospital_id` int(10) DEFAULT '0' COMMENT '所属医院、诊所',
  `name` varchar(50) NOT NULL DEFAULT '',
  `openid` varchar(80) DEFAULT '0' COMMENT '微信openid',
  `mobile` varchar(11) NOT NULL DEFAULT '' COMMENT '患者电话',
  `update_time` int(10) NOT NULL COMMENT '修改时间',
  `password` varchar(60) DEFAULT '' COMMENT ' 登录密码',
  `sex` tinyint(2) DEFAULT '0' COMMENT '患者性别1男2女',
  `birthday` varchar(50) DEFAULT NULL,
  `id_card` char(18) DEFAULT NULL,
  `mi_card` varchar(128) DEFAULT NULL,
  `address` varchar(120) DEFAULT NULL COMMENT '地址信息',
  `create_time` int(10) NOT NULL DEFAULT '0' COMMENT '注册时间',
  `allergy_info` varchar(100) DEFAULT NULL COMMENT '过敏信息',
  `is_del` tinyint(1) DEFAULT '0' COMMENT '是否移除 0：正常 1：删除',
  PRIMARY KEY (`patient_id`),
  KEY `dzm_patient_hostpital_id_index` (`hospital_id`),
  KEY `name` (`name`),
  KEY `tel` (`mobile`)
) ENGINE=InnoDB  DEFAULT CHARSET=utf8 COMMENT='患者用户表' AUTO_INCREMENT=43 ;

--
-- 转存表中的数据 `dzm_patient`
--

INSERT INTO `dzm_patient` (`patient_id`, `hospital_id`, `name`, `openid`, `mobile`, `update_time`, `password`, `sex`, `birthday`, `id_card`, `mi_card`, `address`, `create_time`, `allergy_info`, `is_del`) VALUES
(5, 1, '荔枝', '0', '15019374717', 1564455495, '$2y$12$HVLL4TQ77kHHQSqD4SR0SOcFXuu5jkVp029/QweIlUxxPIGgEUyDm', 0, '2013-11-01', '', '', '', 1564368833, '', 0),
(6, 1, '刘小蓝', '0', '13924436106', 1564454136, '$2y$12$xIz7.n0aXLimsA3Cy6ZLwuhIuAU3x/TrFyjUQQ9lHxqQiTQ8G5aOa', 0, '1998-04-09', '', '', '', 1566273039, '', 0),
(7, 1, '吴容征', '0', '13467189682', 1565336494, '$2y$12$wwBZlbOQzwD56nnf/kdpB.RlgOwubpRSm6BqxrKf4xlBQ.a4Wb2Re', 1, '1952-11-16', '', '', '', 1564366809, '', 0),
(8, 1, '刘栩如', '0', '13582254780', 1565711053, '$2y$12$FoCChNc0ToVyjunddH6j9OFk/6XrudxqvzmyABX7/5yt/ypu7v2yu', 1, '1971-04-12', '', '', '', 1564367339, '', 0),
(9, 1, '鱿小鱼', '0', '13587478547', 1565513567, '$2y$12$ozMvV6azkkM8hHiBOT7xlunBh1BggDYzotmuSGHKopnCXwbpaREjy', 0, '2003-07-29', '441621199708161423', '342423424', '佛山', 1565958958, '无', 0),
(10, 1, '刘建军', '0', '13213820152', 1565748021, '$2y$12$xBSGyhqRE1blp9pToV3.z.w2sw2EVRfCyRvkId6DZ5./g0QZ1xjye', 1, '2017-05-31', '', '', '', 1566273015, '', 0),
(11, 1, '陈小明', '0', '18800010002', 1379691547, '$2y$12$K6.toI4O3HUKN0vVPGXyQugcb456jaxH/4fj04rY7QwPUJ/2398lq', 1, '1996-10-29', '441621199708161423', '', '测试', 1566263551, '', 0),
(12, 1, '黄小', '0', '15625430456', 1566264158, '$2y$12$96E0KC/LGt/VxCfG.ntNKukTzbrFSMyDrU8UdTGPCzIWN6/SSkFAe', 1, '2006-08-14', '', '', '', 1566263541, '', 0),
(13, 1, '陈建', '0', '13546589854', 1565957015, '$2y$12$SsHlGRaddX9ECsC/086ecOKoFoJtzZs3vCljMnyShdjfU3hKvu.XO', 1, '1989-08-16', '441621199708161423', '', '', 1565918428, '', 0),
(14, 1, '刘小明', '0', '15625493433', 1565959024, '$2y$12$579bN2gTqRWjXs3KCauIQuDfC75byZXzP0vV7FD2oOHVZhkqlH4LG', 1, '1996-10-29', '', '', '测试', 1565999513, '', 0),
(15, 1, '列小明', '0', '15625430450', 1565959123, '$2y$12$rKlyjSQe1Yt/PXQK4tuHpeHsmSzW4lqvBqS477B3241pw0nKE9D7u', 1, '1996-10-29', '441621199708161423', '', '测试', 1565999501, '', 0),
(16, 1, '陈秋龙', '0', '18800010003', 1565959229, '$2y$12$BqrAiY4C3XsJ1jona8oiQuxFI4PPUW9zSdf10q141k35/W6l3tfYe', 1, '1996-10-29', '441621199708161423', '', '测试', 1565999492, '', 0),
(17, 1, '赖玲玲', '0', '13579846611', 1566264085, '$2y$12$wcd8VCg7ZP5WmSQ57WyqQONLu9sOUC7YthJOv0YW3TRtBL1UFAmgy', 1, '1996-08-02', '', '', '', 1566264003, '', 0),
(18, 1, '王松', '0', '13824428133', 1566264324, '$2y$12$qywQLbF/dDRBnBBJbCczw.6aAJuRwumFn63U7.c7eM6u1LOfEqJ9u', 1, '1980-08-06', '', '', '', 1566264324, '', 0),
(19, 1, '王小小', '0', '13316551548', 1566264585, '$2y$12$FgQlTyCn6IH9zbecWaN.yuSUzpFHc77afPer31w6Jsw2eb9tKPpPO', 0, '1975-07-30', '', '', '', 1566264519, '', 0),
(20, 1, '张秋军', '0', '13315696655', 1566270270, '$2y$12$qMo2p/Sq58FadfTB2nDaCuLCUe0kHqMkBtv/7ClVdEwhKFhj5ztlu', 1, '1984-02-15', '', '', '', 1566269990, '', 0),
(21, 1, '张玉玲', '0', '13560542655', 1566272466, '$2y$12$nfVomRKDAS63UbRzQdVY5u1vUibBe0bDvg4ltnEGXiG6KRrlfbGsy', 0, '1991-08-08', '', '', '', 1566272419, '', 0),
(22, 1, '聂健', '0', '13824428156', 1566348360, '$2y$12$3z0Agp0T9cK.eu4V2acIF.2ND4g0c7vM9zGqhmzZRv8AgGypT8OPq', 1, '1985-08-02', '', '', '', 1566348294, '', 0),
(23, 1, '李双双', '0', '13266645611', 1566348460, '$2y$12$BE0oHyXA6s4Bj9TnBg5whei6UaeCp9GtNu0STq3ykX3q.iO6GRzky', 1, '1989-11-15', '', '', '', 1566348460, '', 0),
(24, 1, '郭锡明', '0', '13515664587', 1566348843, '$2y$12$TtGCwvBSrSUjJ1vMtYGBAufiEQ.FFnF7sQPYTNhN4iPRGJHqqLjSO', 1, '1995-03-08', '', '', '', 1566348843, '', 0),
(25, 1, '张玲玉', '0', '13316002555', 1566349118, '$2y$12$0BsQpaEjiwn2loh26oshfu22Wn9Z5mLnRl0mPoAnLJ8QhGky7xei.', 0, '2001-01-16', '', '', '', 1566349033, '', 0),
(26, 1, '黄婷燕', '0', '13944552645', 1566352404, '$2y$12$BLlHwI2zSOI/LRKYqNU87eIx8F2KGFhzXR7BTMFs44cENytBcgfJm', 0, '1989-08-24', '', '', '', 1566352223, '', 0),
(27, 1, '黄建红', '0', '13316005455', 1566352807, '$2y$12$LrITdC8T7z3EsZ8bHCE.LOUt.EDJk7xhHkjOupKTZOTRf0ZRJh9yC', 1, '1990-08-17', '', '', '', 1566352774, '', 0),
(28, 1, '钟莉宇', '0', '13515002522', 1566441570, '$2y$12$ZBoPfrbynlnx67X45Pawzed1OKNJU91L.jZo0wYHEbJirfCisqfo2', 0, '1986-08-02', '', '', '', 1566441538, '', 0),
(29, 1, '张天飞', '0', '13825645666', 1566441634, '$2y$12$hqnOm11yK4Cq4M4O0SouZujid8S3Cr/vhvJ1ndY645VfC1hMRrgoC', 1, '1998-09-10', '', '', '', 1566441634, '', 0),
(30, 1, '刘军', '0', '13356688100', 1566441742, '$2y$12$KKsHjlgezYVTFaQ6XyiPH.RXpnE/b6eLw.7VBZGtuO6noD.yqwgka', 1, '1992-07-31', '', '', '', 1566441742, '', 0),
(31, 1, '卜新怡', '0', '13826055496', 1566604179, '$2y$12$rBX1R0i5cm.DCsdIcYu4seUPGa39zL1B1KZotBsKophKhyKphzkPS', 0, '1996-08-08', '', '', '', 1566604153, '', 0),
(32, 1, '单丹', '0', '13155698522', 1566604525, '$2y$12$vLVee14/rmrtKtCFd4WFKeZjoQcRon6SvZXjtTMC3PWM5fmkf7uLq', 0, '1994-08-05', '', '', '', 1566604487, '', 0),
(33, 1, '梁杰', '0', '15955986689', 1566604736, '$2y$12$GeBYTc577WOLNTmDunO00ef09YpOgIYDlTm2f3hF50cw9EMo1HUvy', 1, '1995-08-03', '', '', '', 1566604693, '', 0),
(34, 1, '梁小莉', '0', '15944065922', 1567216471, '$2y$12$BbhVkQqdFeKEWMEcjlKNN.jegi/yRMnCsl9KrthOkWIrZpfg5iAAa', 0, '1994-03-29', '', '', '', 1567216434, '', 0),
(35, 1, '陈成诚', '0', '13536512899', 1567216575, '$2y$12$POwnLBFgXFj.IW3EsGPLGeXbYfVHsrEitoPDW33sQHlhR4JlZ/9je', 1, '1988-08-11', '', '', '', 1567216575, '', 0),
(36, 1, '卜位学', '0', '13954688243', 1567216650, '$2y$12$Uu7IAuV5vJk5wu0xValXsOLCCV3B3HXOZf5OBqCixzmzRbvxN32d6', 1, '1992-07-30', '', '', '', 1567216650, '', 0),
(37, 1, '李玲玲', '0', '13965426984', 1567216840, '$2y$12$gVkuIDd9zIW/0ivSvEwks.rRAY7TRZSC0JG3TpPv0MdaQ9mXB0at6', 0, '1980-05-07', '', '', '', 1567216840, '', 0),
(38, 1, '林宇', '0', '13826595466', 1567216928, '$2y$12$vpf50HOLp10YsjsAp8Qu6uo8r9dCRoToZtqIAFJJAmgt7YnvdPL8O', 1, '1998-05-07', '', '', '', 1567216928, '', 0),
(39, 1, '吕燕婷', '0', '13649876566', 1567478706, '$2y$12$3/5P1Xg37Lx4X9sYQ1mlce/bVno0gMUcAUUNHQRqnK1IPE7dUsA62', 0, '1997-09-11', '', '', '', 1567478706, '', 0),
(40, 1, '杨宁波', '0', '13654598106', 1567478788, '$2y$12$8r8gfCeEGvUILILwWQS/9ejS5vo/tpiP0ulurccxuhdBl46ZmU0OO', 1, '1983-09-02', '', '', '', 1567478788, '', 0),
(41, 1, '聂诞庭', '0', '13656096022', 1567560173, '$2y$12$EbJBhuEiQRt8NGomPCgiUOSYhXS1geTb0/KwMAZyaVoAy0mzO18p.', 1, '1983-09-07', '', '', '', 1567560138, '', 0),
(42, 1, '宋来康', '0', '13956412381', 1567565674, '$2y$12$W/xI0SPK/tD8d9JVYnZHAudn31rgvzkPEPD/.mlmnf8JgLJUheYiq', 1, '1988-09-02', '', '', '', 1567565643, '', 0);

/*!40101 SET CHARACTER_SET_CLIENT=@OLD_CHARACTER_SET_CLIENT */;
/*!40101 SET CHARACTER_SET_RESULTS=@OLD_CHARACTER_SET_RESULTS */;
/*!40101 SET COLLATION_CONNECTION=@OLD_COLLATION_CONNECTION */;
